"patient"	"SCNA Cluster No."	"DNA Methyl Cluster No."	"miRNA Cluster No."	"lncRNA Cluster No."	"mRNA Cluster No."	"Paradigm Cluster No."	"RPPA analysis"	"Death/ Metastasis"	"3 CN (ABSOLUTE)"	"8q CN (ABSOLUTE)"	"GNAQ"	"GNA11"	"CYSLTR2"	"PLCB4"	"EIF1AX"	"SF3B1"	"SRSF2"	"BAP1"	"BAP1 by DNA-Seq"	"BAP1 by RNA-Seq"	"BAP1 RSEM"	"BAP1 by DNA-Seq (HGVS)"	"BAP1 by RNA-Seq (Trans-ABySS/deFuse)"	"PVT1/MYC locus CN (ABSOLUTE)"	"E2F3"	"MYC"	"PVT1"	"1p copy number (ABSOLUTE)"	"6p copy number (ABSOLUTE)"	"JARID2 CN (ABSOLUTE)"	"JARID2 RSEM"	"8q CN (FACETS) (% of arm)"	"MYC locus total CN (FACETS)"	"MYC locus minor CN (FACETS)"	"Isochromosome 8q (ABSOLUTE)"	"miR-30c-2-3p RPM"	"PVT1 RSEM"	"PVT1 Beta Value (cg11201447)"	"6q CN (ABSOLUTE)"	"RAF1"	"PRAME RSEM"	"Purity"	"Ploidy"	"Genome doubling"	"Subclonal genome fraction"	"Gender"	"Age at Diagnosis"	"Non-syn Muts"	"Total muts"	"Purity (FACETS)"	"Ploidy (FACETS)"	"Genome doubling (FACETS)"	"Genome-wide Ploidy (FACETS)"
"TCGA-V3-A9ZY"	1	1	2	2	2	2	"NA"	"Alive, no UM metastasis"	"2"	2	"NA"	"Q209L"	"NA"	"NA"	"W70R"	"NA"	"NA"	"NA"	"NA"	"NA"	4925.5474	"NA"	"NA"	2	NA	NA	NA	"2"	"3"	3	970.8029	"2"	2	"1"	"Not Predicted"	377.6	222.6277	0.152665931	"3"	NA	0.7299	0.98	2.06	0	0	"Male"	54	14	26	0.941	2.077	0	"2"
"TCGA-V4-A9EC"	1	1	1	2	2	2	"NA"	"Alive, no UM metastasis"	"2"	2	"Q209P"	"NA"	"NA"	"NA"	"G9D"	"T663P"	"NA"	"NA"	"NA"	"NA"	4387.9173	"NA"	"NA"	2	NA	NA	NA	"2"	"2"	2	762.2076	"2"	2	"1"	"Not Predicted"	388.1	47.2405	0.445147653	"2"	NA	25.4372	1	1.99	0	0.01	"Female"	75	20	35	0.899	2.01	0	"2"
"TCGA-V4-A9EH"	1	1	2	2	2	2	"NA"	"Alive, no UM metastasis"	"2"	2	"NA"	"Q209L"	"NA"	"NA"	"NA"	"NA"	"NA"	"NA"	"NA"	"NA"	5202.6778	"NA"	"NA"	2	NA	NA	NA	"2"	"2"	2	562.3363	"2"	2	"1"	"Not Predicted"	160.1	242.5536	0.046662401	"2"	NA	5.4332	0.71	2.09	0	0.03	"Male"	53	9	18	0.594	2.162	0	"2"
"TCGA-V4-A9EY"	1	1	2	2	2	2	"NA"	"Alive, no UM metastasis"	"2"	2	"Q209P"	"NA"	"NA"	"NA"	"G8R"	"NA"	"NA"	"NA"	"NA"	"NA"	8275.1625	"NA"	"NA"	2	"AMP;"	NA	NA	"2"	"3 (less than half)"	3	738.8293	"2"	2	"1"	"Not Predicted"	573.4	84.9859	0.453016795	"2"	NA	116.513	0.65	2.01	0	0	"Female"	66	19	28	0.431	2.045	0	"2"
"TCGA-V4-A9F7"	1	1	1	1	1	1	"NA"	"Alive, no UM metastasis"	"2"	2	"NA"	"Q209L"	"NA"	"NA"	"G15D"	"NA"	"NA"	"NA"	"NA"	"NA"	4009.2007	"NA"	"NA"	2	"UP;"	NA	NA	"2"	"3"	3	1377.8033	"2"	2	"1"	"Not Predicted"	198.7	109.4882	0.492903552	"2"	NA	0	1	2.02	0	0	"Female"	78	14	26	0.92	2.052	0	"2"
"TCGA-VD-A8KE"	1	1	1	2	2	2	"NA"	"Alive, no UM metastasis"	"2"	2	"Q209P"	"NA"	"NA"	"NA"	"G9R"	"NA"	"NA"	"NA"	"NA"	"NA"	4811.1702	"NA"	"NA"	2	NA	NA	NA	"2"	"3"	3	1264.8936	"2"	2	"1"	"Not Predicted"	230.8	123.9362	0.337549371	"3"	NA	45.2128	0.96	2.11	0	0	"Female"	74	18	32	0.835	2.076	0	"2"
"TCGA-VD-A8KO"	1	1	1	1	1	1	"NA"	"Alive, no UM metastasis"	"2"	2	"Q209L"	"NA"	"NA"	"NA"	"K7_G8delinsR"	"NA"	"NA"	"NA"	"NA"	"NA"	2543.6205	"NA"	"NA"	2	"UP;"	NA	NA	"2"	"3"	3	1297.1647	"2"	2	"1"	"Not Predicted"	529.2	152.6718	0.289836445	"2"	NA	3.2715	0.99	2.03	0	0	"Male"	51	8	16	0.94	2.045	0	"2"
"TCGA-VD-AA8M"	1	1	2	2	2	2	"NA"	"Alive, no UM metastasis"	"2"	2	"Q209P"	"NA"	"NA"	"NA"	"NA"	"NA"	"NA"	"NA"	"NA"	"NA"	4881.8182	"NA"	"NA"	2	NA	NA	NA	"2"	"2"	2	811.1888	"2"	2	"1"	"Not Predicted"	255.3	109.0909	0.136033911	"2"	NA	2.7972	1	1.99	0	0.01	"Male"	64	23	31	0.903	1.999	0	"2"
"TCGA-VD-AA8Q"	1	1	2	2	2	2	"NA"	"Death, metastatic UM"	"2"	2	"Q209P"	"NA"	"NA"	"NA"	"NA"	"NA"	"NA"	"NA"	"NA"	"NA"	4489.7059	"NA"	"NA"	2	NA	NA	NA	"2"	"2"	2	735.2941	"2"	2	"1"	"Not Predicted"	207.2	307.3529	0.049977545	"2"	NA	2.9412	0.77	2.01	0	0.01	"Male"	71	16	30	0.623	2.017	0	"2"
"TCGA-VD-AA8R"	1	1	2	1	1	1	"NA"	"Alive, no UM metastasis"	"2"	2	"NA"	"Q209L"	"NA"	"NA"	"G6D"	"NA"	"NA"	"NA"	"NA"	"NA"	3312.2837	"NA"	"NA"	2	NA	NA	NA	"2"	"2"	2	656.5744	"2"	2	"1"	"Not Predicted"	411.1	81.3149	0.648565352	"2"	"UP;"	0	0.94	2	0	0	"Female"	78	11	19	0.913	1.952	0	"2"
"TCGA-WC-A87T"	1	1	1	1	1	1	"NA"	"Alive, no UM metastasis"	"2"	2	"Q209P"	"NA"	"NA"	"NA"	"NA"	"NA"	"NA"	"NA"	"NA"	"NA"	3330.9982	"NA"	"NA"	2	"AMP;UP;"	NA	NA	"2"	"3 (less than half)"	3	1178.634	"2"	2	"1"	"Not Predicted"	293.5	146.6725	0.372183173	"2"	NA	0	0.87	1.99	0	0	"Male"	64	12	17	0.823	1.993	0	"2"
"TCGA-WC-A87U"	1	1	1	1	1	1	"NA"	"Death, other"	"2"	2	"Q209P"	"NA"	"NA"	"NA"	"G15D"	"NA"	"NA"	"NA"	"NA"	"NA"	3341.555	"NA"	"NA"	2	"UP;"	NA	NA	"2"	"3"	3	1179.6247	"2"	2	"1"	"Not Predicted"	309.7	134.0483	0.783382349	"2"	NA	17.1582	1	2.02	0	0	"Male"	73	12	21	0.934	2.108	0	"2"
"TCGA-WC-A880"	1	1	1	2	1	1	"NA"	"Alive, no UM metastasis"	"2"	2	"Q209L"	"NA"	"NA"	"NA"	"G6D"	"NA"	"NA"	"NA"	"NA"	"NA"	3868.2953	"NA"	"NA"	2	"AMP;UP;"	NA	NA	"2"	"3"	3	1370.6851	"2"	2	"1"	"Not Predicted"	413.2	97.7164	0.085462223	"2"	NA	22.8359	0.96	2.01	0	0	"Male"	63	10	20	0.924	2.026	0	"2"
"TCGA-WC-A884"	1	1	2	2	2	2	"NA"	"Alive, no UM metastasis"	"2"	2	"NA"	"Q209L"	"NA"	"NA"	"G8R"	"NA"	"NA"	"NA"	"NA"	"NA"	3887.7888	"NA"	"NA"	2	NA	NA	NA	"2"	"3"	3	961.4961	"2"	2	"1"	"Not Predicted"	231.3	159.516	0.103449442	"2"	NA	566.5567	0.83	2.03	0	0.04	"Female"	35	14	21	0.77	2.035	0	"2"
"TCGA-YZ-A983"	1	1	1	1	1	1	"NA"	"Alive, no UM metastasis"	"2"	2	"Q209P"	"NA"	"NA"	"NA"	"NA"	"NA"	"NA"	"NA"	"NA"	"NA"	3190.8867	"NA"	"NA"	2	"UP;"	NA	NA	"2"	"3"	3	1027.0936	"2"	2	"1"	"Not Predicted"	431.8	181.6502	0.054589496	"2"	NA	3.0788	0.94	2.02	0	0	"Female"	51	19	28	0.911	2.012	0	"2"
"TCGA-V4-A9E5"	2	3	1	2	2	2	"NA"	"Alive, no UM metastasis"	"2"	3	"Q209P"	"NA"	"NA"	"NA"	"NA"	"K666T"	"NA"	"NA"	"NA"	"NA"	6098.2567	"NA"	"NA"	3	NA	NA	NA	"2"	"4"	4	1488.9065	"3"	3	"1"	"Not Predicted"	587.9	403.3281	0.024345376	"3"	NA	301.1094	1	2.24	0	0	"Female"	51	9	17	0.952	2.27	0	"3"
"TCGA-V4-A9E9"	2	2	3	2	2	2	"Yes"	"Alive, no UM metastasis"	"2"	3	"Q209P"	"NA"	"NA"	"NA"	"NA"	"R625H"	"NA"	"NA"	"NA"	"NA"	6032.7273	"NA"	"NA"	3	NA	NA	NA	"2"	"3"	4	1346.9091	"54%:3 46%:2"	3	"1"	"Not Predicted"	304.8	230.5455	0.123093719	"1"	NA	8226.1818	1	2.08	0	0.02	"Male"	50	11	28	0.898	2.127	0	"54%:3 46%:2"
"TCGA-V4-A9EA"	2	2	3	2	2	2	"Yes"	"Alive, no UM metastasis"	"2"	3	"Q209L"	"NA"	"NA"	"NA"	"NA"	"R625C"	"NA"	"NA"	"NA"	"NA"	10236.4253	"NA"	"NA"	3	NA	"AMP;"	"AMP;"	"2"	"3"	3	1319.0045	"68%:2 32%:3"	3	"1"	"Not Predicted"	361.7	328.0543	0.065272176	"2"	NA	1971.7195	1	2.03	0	0.02	"Male"	66	11	21	0.921	2.023	0	"68%:2 32%:3"
"TCGA-V4-A9EJ"	2	1	1	2	1	2	"Yes"	"Alive, no UM metastasis"	"2"	3	"NA"	"Q209L"	"NA"	"NA"	"NA"	"R625H"	"NA"	"NA"	"NA"	"NA"	4813.7934	"NA"	"NA"	3	"UP;"	NA	NA	"2"	"4"	4	1613.6948	"83%:3 17%:2"	3	"1"	"Not Predicted"	316.9	95.9589	0.635525607	"2"	NA	25501.7486	0.95	2.07	0	0.01	"Male"	38	21	33	0.892	2.086	0	"83%:3 17%:2"
"TCGA-V4-A9EK"	2	1	1	1	1	1	"NA"	"Alive, no UM metastasis"	"2"	3	"Q209P"	"NA"	"NA"	"NA"	"NA"	"NA"	"NA"	"NA"	"NA"	"NA"	3361.4659	"NA"	"NA"	3	"UP;"	NA	NA	"2"	"4"	4	1697.9456	"3"	3	"1"	"Not Predicted"	260.9	192.1155	0.293792296	"2"	NA	14395.3359	0.93	2.24	0	0.01	"Female"	37	12	22	0.896	2.239	0	"3"
"TCGA-V4-A9EM"	2	3	2	2	2	2	"NA"	"Alive, no UM metastasis"	"2"	4	"Q209L"	"NA"	"NA"	"NA"	"NA"	"NA"	"Y92_H99del"	"NA"	"NA"	"NA"	5459.6033	"NA"	"NA"	4	NA	NA	NA	"2"	"3"	3	1211.512	"4"	8	"3"	"Not Predicted"	203.9	265.7585	0.047596461	"3"	NA	27.1536	0.97	2.19	0	0.04	"Male"	53	16	31	0.893	2.164	0	"4"
"TCGA-V4-A9ET"	2	2	1	2	2	2	"NA"	"Alive, no UM metastasis"	"2"	4	"NA"	"Q209L"	"NA"	"NA"	"NA"	"NA"	"NA"	"NA"	"NA"	"NA"	6628.0361	"NA"	"NA"	4	NA	NA	NA	"2"	"4"	4	1521.1659	"62%:4 36%:2"	4	"1"	"Not Predicted"	61.9	189.4518	0.105128447	"1"	NA	12956.9743	1	2.09	0	0.02	"Male"	57	9	25	0.933	2.127	0	"62%:4 36%:2"
"TCGA-V4-A9EW"	2	3	1	1	1	1	"NA"	"Alive, with UM metastasis"	"2"	2	"Q209P"	"NA"	"NA"	"NA"	"NA"	"R625C"	"NA"	"NA"	"NA"	"NA"	4320.9624	"NA"	"NA"	2	"AMP;UP;"	NA	NA	"2"	"4"	4	1690.16	"3"	3	"1"	"Not Predicted"	405.7	184.3151	0.121664474	"1"	NA	3569.1749	0.74	2.03	0	0.24	"Female"	44	11	22	0.621	2.132	0	"3"
"TCGA-V4-A9EZ"	2	1	1	2	2	2	"NA"	"Alive, no UM metastasis"	"2"	3	"Q209P"	"NA"	"NA"	"NA"	"NA"	"R625H"	"NA"	"NA"	"NA"	"NA"	6210.9375	"NA"	"NA"	3	NA	"AMP;"	"AMP;"	"1"	"3"	3	1789.0625	"56%:3 44%:2"	3	"1"	"Not Predicted"	241.9	438.8021	0.118147593	"1"	NA	463.5417	0.96	1.88	0	0.11	"Female"	78	18	38	0.854	1.845	0	"56%:3 44%:2"
"TCGA-V4-A9F2"	2	3	1	2	2	2	"NA"	"Alive, no UM metastasis"	"2"	3	"Q209L"	"NA"	"NA"	"NA"	"NA"	"NA"	"NA"	"NA"	"NA"	"NA"	3471.1121	"NA"	"NA"	3	NA	NA	NA	"2"	"3"	3	1010.2763	"3"	4	"1"	"Not Predicted"	253.7	339.8036	0.131052024	"3"	NA	41.1053	0.9	2.37	0	0.02	"Female"	78	4	14	0.898	2.415	0	"3"
"TCGA-V4-A9F4"	2	2	1	1	1	1	"Yes"	"Alive, no UM metastasis"	"2"	3	"Q209P"	"NA"	"NA"	"NA"	"NA"	"R625H"	"NA"	"NA"	"NA"	"NA"	4173.913	"NA"	"NA"	3	"UP;"	NA	NA	"2"	"4"	4	2389.5881	"59%:5 41%:3"	5	"NA"	"Not Predicted"	137.8	164.7597	0.226228102	"1"	NA	2429.0618	0.91	2.07	0	0.09	"Male"	41	20	31	0.875	2.115	0	"59%:5 41%:3"
"TCGA-VD-A8K7"	2	1	1	1	1	1	"NA"	"Alive, no UM metastasis"	"2"	2	"Q209L"	"NA"	"NA"	"NA"	"NA"	"NA"	"NA"	"NA"	"NA"	"NA"	3654.2986	"NA"	"NA"	2	"UP;"	NA	NA	"2"	"4"	4	1376.4706	"2"	2	"1"	"Not Predicted"	481.5	107.6923	0.826259922	"2"	NA	32.5792	1	2.05	0	0.01	"Male"	39	6	16	0.9	2.115	0	"2"
"TCGA-VD-A8K9"	2	2	1	1	1	1	"NA"	"Alive, no UM metastasis"	"2"	3	"Q209P"	"NA"	"NA"	"NA"	"NA"	"R625C"	"NA"	"NA"	"NA"	"NA"	4358.6233	"NA"	"NA"	5	"UP;"	NA	NA	"2"	"5"	5	2164.494	"46%:3 36%:5 18%:2"	5	"2"	"Not Predicted"	140.1	378.13	0.183688464	"1"	NA	17563.9126	0.99	2.14	0	0.01	"Female"	71	8	23	0.89	2.174	0	"46%:3 36%:5 18%:2"
"TCGA-VD-A8KA"	2	2	1	1	1	2	"NA"	"Alive, with UM metastasis"	"2"	3	"NA"	"Q209L"	"NA"	"NA"	"NA"	"R625C"	"NA"	"NA"	"NA"	"NA"	4967.657	"NA"	"NA"	4	"AMP;UP;"	"AMP;"	"AMP;"	"1"	"4"	4	2613.3391	"62%:3 33%:4"	4	"2"	"Not Predicted"	199.6	216.4677	0.475736269	"2"	NA	16826.2037	1	2.05	0	0.08	"Male"	22	17	24	0.91	2.022	0	"62%:3 33%:4"
"TCGA-VD-A8KB"	2	2	1	2	2	2	"NA"	"Alive, no UM metastasis"	"2"	4	"Q209P"	"NA"	"NA"	"NA"	"NA"	"R625C"	"NA"	"NA"	"NA"	"NA"	5733.5505	"NA"	"NA"	4	"UP;"	NA	NA	"2"	"4"	4	1969.2707	"56%:7 24%:4 20%:2"	7	"NA"	"Not Predicted"	58.9	207.2917	0.3096047	"1"	NA	9623.1164	0.99	2.06	0	0.04	"Female"	66	15	34	0.919	2.099	0	"56%:7 24%:4 20%:2"
"TCGA-VD-A8KG"	2	1	1	2	2	2	"NA"	"Alive, no UM metastasis"	"2"	4	"NA"	"Q209L"	"NA"	"NA"	"NA"	"NA"	"NA"	"NA"	"NA"	"NA"	5643.0855	"NA"	"NA"	4	"AMP;UP;"	NA	NA	"2"	"4"	4	1940.048	"87%:4 13%:2"	8	"3"	"Not Predicted"	294.1	257.7938	0.143522944	"2"	NA	497.2022	0.93	2.17	0	0.02	"Female"	47	15	29	0.86	2.19	0	"87%:4 13%:2"
"TCGA-VD-A8KJ"	2	2	3	1	1	1	"NA"	"Alive, no UM metastasis"	"2"	4	"NA"	"NA"	"NA"	"NA"	"NA"	"NA"	"NA"	"NA"	"NA"	"NA"	3710.013	"NA"	"NA"	3	"AMP;UP;"	"AMP;"	"AMP;"	"2"	"3 and 4 (roughly half)"	4	1130.9059	"4"	4	"1"	"Not Predicted"	143.2	214.9978	0.61570694	"chromothripsis"	NA	103.1643	0.99	2.17	0	0.11	"Male"	53	15	25	0.879	2.128	0	"4"
"TCGA-VD-AA8S"	2	1	1	2	2	2	"NA"	"Alive, no UM metastasis"	"2"	3	"Q209P"	"NA"	"NA"	"NA"	"NA"	"NA"	"NA"	"NA"	"NA"	"NA"	5169.9958	"NA"	"NA"	3	NA	NA	NA	"2"	"4"	7	1933.7896	"3"	6	"0"	"Not Predicted"	222.1	98.8965	0.791412382	"2"	NA	0.5587	0.93	2.31	0	0.02	"Male"	40	7	14	0.881	2.293	0	"3"
"TCGA-WC-A87W"	2	3	1	1	1	1	"NA"	"Alive, no UM metastasis"	"2"	2	"NA"	"Q209L"	"NA"	"NA"	"NA"	"NA"	"NA"	"NA"	"NA"	"NA"	3445.5031	"NA"	"NA"	2	"UP;"	NA	NA	"1"	"3"	3	1424.3535	"2"	2	"1"	"Not Predicted"	301.5	116.0088	0.845881165	"2"	NA	11.7265	0.98	1.93	0	0	"Female"	57	7	17	0.885	1.947	0	"2"
"TCGA-WC-A881"	2	2	1	1	1	5	"NA"	"Alive, no UM metastasis"	"2"	5	"NA"	"Q209L"	"NA"	"NA"	"NA"	"H662R"	"NA"	"NA"	"NA"	"NA"	3715.5026	"NA"	"NA"	4	"UP;"	"AMP;"	"AMP;"	"1 (partial, telomeric, ~72%)"	"3"	3	1545.9966	"40%:2 34%:5 22%:4"	4	"1"	"Not Predicted"	130.5	642.2487	0.02391533	"1"	NA	22927.598	0.98	2.02	0	0.01	"Male"	75	11	28	0.897	2.025	0	"40%:2 34%:5 22%:4"
"TCGA-WC-A885"	2	2	1	2	2	2	"Yes"	"Alive, no UM metastasis"	"2"	3	"Q209P"	"NA"	"NA"	"NA"	"NA"	"R625H"	"NA"	"NA"	"NA"	"NA"	5371.8931	"NA"	"NA"	3	"AMP;UP;"	"AMP;"	"AMP;"	"2"	"4"	4	1462.5385	"56%:4 44%:2"	5	"2"	"Not Predicted"	254.9	118.4976	0.459960551	"2"	NA	12341.9031	0.94	2.06	0	0.03	"Male"	60	19	35	0.835	2.095	0	"56%:4 44%:2"
"TCGA-WC-AA9E"	2	2	3	1	1	5	"Yes"	"Alive, no UM metastasis"	"2"	3	"Q209L"	"R166H"	"NA"	"NA"	"NA"	"R625H"	"NA"	"NA"	"NA"	"NA"	3739.4772	"NA"	"NA"	3	"UP;"	NA	NA	"1"	"5"	5	4212.2286	"3"	3	"1"	"Not Predicted"	29.5	280.9039	0.057684619	"1"	NA	4595.4807	0.97	1.98	0	0.07	"Male"	60	18	32	0.896	1.979	0	"3"
"TCGA-YZ-A982"	2	1	3	3	2	2	"NA"	"Death, other"	"3"	4	"NA"	"NA"	"L129Q"	"NA"	"NA"	"NA"	"NA"	"NA"	"NA"	"NA"	5530.0885	"NA"	"NA"	4	NA	NA	NA	"2 (no LOH)"	"5"	5	1392.9204	"4"	4	"2"	"Not Predicted"	119.7	188.4956	0.084638628	"3"	NA	2.6549	0.97	3.23	1	0.08	"Female"	79	23	33	0.825	3.368	1	"4"
"TCGA-V4-A9E8"	3	4	3	3	3	3	"NA"	"Death, metastatic UM"	"1"	3	"NA"	"Q209L"	"NA"	"NA"	"NA"	"NA"	"NA"	"frameshift_variant"	"NA"	"frameshift_variant"	400.3955	"p.S485Pfs*84;p.T487_P488del"	"del_frameshift_13nt"	3	NA	NA	NA	"2"	"3"	3	1730.1038	"3"	3	"1"	"Not Predicted"	95.8	249.1349	0.048180146	"1"	"DOWN;"	3558.0821	0.84	2.14	0	0.14	"Male"	49	12	22	0.766	2.273	0	"3"
"TCGA-V4-A9ED"	3	4	2	3	3	3	"NA"	"Alive, no UM metastasis"	"1"	2	"NA"	"NA"	"L129Q"	"NA"	"NA"	"NA"	"NA"	"splicing_variant"	"splice_acceptor_variant"	"splicing_variant"	2396.7187	"p.G13_splice"	"del_alt.splice_73nt"	2	NA	NA	NA	"2"	"2"	2	593.9175	"2"	2	"1"	"Not Predicted"	270.8	257.1367	0.080037219	"2"	"DOWN;"	18.7733	0.92	1.93	0	0.03	"Male"	45	9	30	0.878	1.962	0	"2"
"TCGA-V4-A9EF"	3	4	3	3	3	3	"NA"	"Alive, no UM metastasis"	"1"	4	"NA"	"Q209L"	"NA"	"NA"	"NA"	"NA"	"NA"	"nonsense"	"nonsense"	"NA"	509.0536	"p.Y223*"	"NA"	4	NA	NA	NA	"2"	"2"	2	523.4365	"4"	6	"1"	"Predicted"	188.3	419.6738	0.027077826	"2"	"DOWN;"	1322.2037	0.97	2	0	0.01	"Male"	56	7	13	0.936	1.99	0	"4"
"TCGA-V4-A9EO"	3	4	3	1	1	1	"Yes"	"Alive, no UM metastasis"	"2, LOH"	5	"Q209P"	"NA"	"NA"	"NA"	"NA"	"NA"	"NA"	"splicing_variant"	"missense_variant"	"splicing_variant"	2527.5067	"p.E685V"	"del_alt.splice_184nt"	5	NA	NA	NA	"2 (no LOH)"	"4"	4	1584.7382	"5"	5	"2"	"Predicted"	305.3	253.3274	0.0347733	"4"	NA	108.6957	0.98	3.36	1	0	"Male"	74	13	31	0.834	3.486	1	"5"
"TCGA-V4-A9EQ"	3	4	3	3	3	3	"NA"	"Death, metastatic UM"	"1"	3	"NA"	"Q209L"	"NA"	"NA"	"NA"	"NA"	"NA"	"NA"	"NA"	"NA"	251.2107	"NA"	"NA"	3	NA	NA	NA	"1"	"2"	2	401.3317	"4"	4	"NA"	"Not Predicted"	76.7	300.2421	0.018459916	"2"	"DOWN;"	1696.1259	0.99	1.94	0	0.09	"Male"	64	9	19	0.905	1.955	0	"4"
"TCGA-V4-A9ES"	3	4	2	1	1	5	"NA"	"Alive, with UM metastasis"	"1"	2	"R183Q"	"NA"	"NA"	"NA"	"NA"	"R625H"	"NA"	"NA"	"NA"	"NA"	1170.6642	"NA"	"NA"	2	NA	NA	NA	"1"	"2"	2	497.2325	"2"	2	"1"	"Not Predicted"	373.8	223.7085	0.211472279	"2"	"DOWN;"	0	1	1.85	0	0.03	"Female"	54	12	20	0.918	1.846	0	"2"
"TCGA-V4-A9F0"	3	4	3	4	4	4	"NA"	"Death, metastatic UM"	"1"	3	"Q209L"	"NA"	"NA"	"NA"	"NA"	"NA"	"NA"	"frameshift_variant"	"frameshift_variant"	"NA"	391.4854	"p.K457R;p.Q456Rfs*115"	"NA"	3	NA	NA	NA	"2"	"2"	2	486.8117	"3"	3	"1"	"Not Predicted"	80.3	344.2851	0.042985487	"1"	"DOWN;"	1913.466	0.82	1.94	0	0.06	"Male"	59	9	17	0.889	1.952	0	"3"
"TCGA-V4-A9F8"	3	4	3	3	3	3	"NA"	"Alive, no UM metastasis"	"1"	4	"Q209P"	"NA"	"NA"	"NA"	"NA"	"NA"	"NA"	"splicing_variant"	"missense_variant"	"splicing_variant"	3115.8798	"p.D68G"	"del_alt.splice_449nt"	4	NA	NA	NA	"1"	"2"	2	672.103	"4"	4	"2"	"Not Predicted"	84.3	305.5794	0.042748053	"2"	"DOWN;"	887.5536	1	2.04	0	0.14	"Male"	68	16	32	0.9188048	1.985929	0	"4"
"TCGA-VD-A8KD"	3	4	4	4	4	4	"NA"	"Death, metastatic UM"	"1"	3	"NA"	"NA"	"NA"	"D630N"	"NA"	"NA"	"NA"	"splicing_variant"	"splice_region_variant"	"splicing_variant"	1969.0161	"splice_region_variant"	"del_alt.splice_62nt"	3	NA	NA	NA	"2 (focal del)"	"2"	2	360.7264	"4"	4	"1"	"Not Predicted"	30	354.5706	0.021695348	"2"	"DOWN;"	2.4623	0.83	1.97	0	0.03	"Male"	72	15	30	0.776	1.97	0	"4"
"TCGA-VD-A8KF"	3	4	4	4	4	4	"Yes"	"Death, metastatic UM"	"1"	3	"NA"	"Q209L"	"NA"	"NA"	"NA"	"NA"	"NA"	"NA"	"NA"	"NA"	298.185	"NA"	"NA"	3	NA	NA	NA	"2"	"2"	2	590.3198	"3"	3	"1"	"Predicted"	89.2	289.1098	0.024608158	"2"	"DOWN;"	94.6413	1	2.01	0	0.11	"Male"	68	7	13	0.917	2.021	0	"3"
"TCGA-VD-A8KH"	3	4	2	1	1	1	"NA"	"Alive, no UM metastasis"	"1"	3	"NA"	"Q209L"	"NA"	"NA"	"NA"	"R625H"	"NA"	"NA"	"NA"	"NA"	1825.462	"NA"	"NA"	3	NA	NA	NA	"1 (partial, telomeric, ~80%)"	"2"	2	1063.655	"74%:3 26%:2"	3	"1"	"Not Predicted"	165.3	160.5749	0.322005821	"2"	NA	4.1068	0.95	1.9	0	0.01	"Male"	69	14	27	0.884	1.899	0	"74%:3 26%:2"
"TCGA-VD-A8KK"	3	4	3	3	3	3	"NA"	"Alive, no UM metastasis"	"1"	3	"Q209P"	"NA"	"NA"	"NA"	"NA"	"NA"	"NA"	"frameshift_variant"	"frameshift_variant"	"NA"	412.8582	"p.P124Lfs*63;p.P124Rfs*18"	"NA"	3	NA	"AMP;"	"AMP;"	"2"	"2"	2	490.3176	"80%:4 20%:2"	4	"1"	"Not Predicted"	192.7	519.7521	0.019987075	"2"	"DOWN;"	61.9675	0.97	1.96	0	0.01	"Male"	54	17	25	0.927	1.97	0	"80%:4 20%:2"
"TCGA-VD-A8KL"	3	4	3	3	3	3	"NA"	"Alive, no UM metastasis"	"2, LOH"	5	"NA"	"Q209L"	"NA"	"NA"	"NA"	"NA"	"NA"	"frameshift_variant"	"frameshift_variant"	"frameshift_variant"	2567.3931	"p.V27Gfs*42"	"ins_frameshift_1nt"	5	NA	NA	NA	"3"	"4"	4	1224.3745	"5"	6	"3"	"Not Predicted"	40.8	410.0081	0.02571339	"3"	"DOWN;"	40.3551	0.98	3.33	1	0.05	"Female"	77	22	31	0.864	3.285	1	"5"
"TCGA-VD-AA8O"	3	4	4	3	3	3	"NA"	"Death, metastatic UM"	"2, LOH"	4	"NA"	"NA"	"L129Q"	"NA"	"NA"	"NA"	"NA"	"homozygous_deletion"	"homozygous_deletion"	"homozygous_deletion"	537.0285	"homozygous_deletion"	"homozygous_deletion"	4	NA	NA	NA	"2 (LOH)"	"3"	3	599.7472	"4"	4	"2"	"Not Predicted"	165.6	175.7429	0.083524478	"3"	"DOWN;"	16.333	0.9	2.85	1	0	"Male"	77	15	22	0.83	2.918	1	"4"
"TCGA-VD-AA8P"	3	4	3	3	3	5	"NA"	"Alive, no UM metastasis"	"1"	3	"NA"	"Q209L"	"NA"	"NA"	"NA"	"NA"	"NA"	"splicing_variant"	"NA"	"splicing_variant"	2115.8676	"NA"	"del_alt.splice_79nt"	3	NA	NA	NA	"1"	"2"	2	403.5388	"3"	3	"1"	"Not Predicted"	164.9	130.137	0.125774213	"2"	"DOWN;"	190.6393	1	1.96	0	0.02	"Female"	64	14	23	0.911	1.97	0	"3"
"TCGA-VD-AA8T"	3	4	3	4	4	4	"NA"	"Alive, no UM metastasis"	"1"	3	"NA"	"Q209L"	"NA"	"NA"	"NA"	"NA"	"NA"	"frameshift_variant"	"frameshift_variant"	"frameshift_variant"	440.6964	"p.E498*"	"ins_frameshift_1nt"	3	NA	NA	NA	"1 (partial, telomeric, ~56%)"	"2"	2	546.9713	"3"	3	"1"	"Not Predicted"	195.6	360.8995	0.03648164	"2"	"DOWN;"	7.617	0.98	1.94	0	0	"Female"	83	9	31	0.907	1.94	0	"3"
"TCGA-WC-A882"	3	4	2	3	2	3	"NA"	"Alive, no UM metastasis"	"1"	3	"NA"	"Q209L"	"NA"	"NA"	"NA"	"NA"	"Y92_H100del"	"NA"	"NA"	"NA"	2923.9598	"NA"	"NA"	3	NA	NA	NA	"1"	"2"	2	694.4046	"90%:3 10%:2"	3	"1"	"Not Predicted"	698.7	127.6901	0.765386917	"2"	"DOWN;"	169.297	0.88	1.9	0	0.11	"Female"	50	12	21	0.787	1.947	0	"90%:3 10%:2"
"TCGA-WC-A888"	3	4	4	4	4	4	"NA"	"Death, unknown"	"2, Subclonal LOH"	3	"NA"	"Q209L"	"NA"	"NA"	"NA"	"NA"	"S174_S179del"	"frameshift_variant"	"missense_variant"	"frameshift_variant"	2132.5209	"p.Y173C"	"del_frameshift_1nt"	3	NA	NA	NA	"2"	"2"	2	537.6999	"5"	6	"2"	"Not Predicted"	46.7	501.1424	0.047859532	"2"	"DOWN;"	676.3138	1	2.04	0	0.11	"Male"	76	14	27	0.345	2.04	0	"5"
"TCGA-WC-AA9A"	3	4	3	4	4	5	"NA"	"Death, metastatic UM"	"1"	3	"NA"	"Q209L"	"NA"	"NA"	"NA"	"K666T"	"NA"	"missense_variant"	"missense_variant"	"NA"	1761.6143	"p.G185R"	"NA"	3	NA	NA	NA	"1"	"2"	2	465.0399	"3"	3	"1"	"Not Predicted"	93.9	494.6035	0.025144594	"2"	"DOWN;"	39.8874	1	1.92	0	0	"Female"	70	12	22	0.934	1.871	0	"3"
"TCGA-YZ-A980"	3	4	5	4	4	4	"NA"	"Alive, no UM metastasis"	"1"	3	"NA"	"Q209L"	"NA"	"NA"	"NA"	"NA"	"NA"	"frameshift_variant"	"frameshift_variant"	"NA"	1264.6938	"p.P338Lfs*24;p.P339Rfs*58"	"NA"	3	NA	NA	NA	"2"	"2"	2	875.8734	"3"	3	"1"	"Predicted"	130	205.9186	0.279340458	"2"	"DOWN;"	23.4279	0.46	1.95	0	0	"Male"	75	7	21	0.429	1.982	0	"3"
"TCGA-YZ-A984"	3	4	3	3	3	3	"NA"	"Death, metastatic UM"	"2, LOH"	4	"NA"	"NA"	"NA"	"NA"	"NA"	"NA"	"NA"	"frameshift_variant"	"frameshift_variant"	"frameshift_variant"	465.7852	"p.K421Rfs*9;p.K421Rfs*13"	"del_frameshift_1nt"	4	NA	NA	NA	"3"	"3"	3	758.9886	"4"	2	"1"	"Not Predicted"	238.7	285.7806	0.047389273	"3"	"DOWN;"	2902.3428	0.93	3.32	1	0	"Female"	50	9	20	0.8101116	3.371985	1	"4"
"TCGA-YZ-A985"	3	4	3	3	3	3	"NA"	"Alive, no UM metastasis"	"1"	2	"R183Q"	"R183C"	"NA"	"D630N"	"NA"	"R625C"	"NA"	"inframe_deletion"	"inframe_deletion"	"NA"	190.5675	"p.R610_G619del"	"NA"	2	NA	NA	NA	"2"	"2"	2	931.2851	"2"	2	"1"	"Not Predicted"	242.8	179.2242	0.056877327	"2"	"DOWN;"	1.1343	0.99	1.93	0	0	"Female"	41	392	604	0.927	1.968	0	"2"
"TCGA-RZ-AB0B"	4	4	4	4	4	4	"NA"	"Death, metastatic UM"	"1"	7	"NA"	"Q209L"	"NA"	"NA"	"NA"	"NA"	"NA"	"splicing_variant"	"splice_donor_variant"	"NA"	1794.6885	"p.FAHQV82_splice"	"NA"	7	NA	"AMP;"	"AMP;"	"1"	"2"	2	412.666	"6"	6	"1"	"Predicted"	75.8	511.7467	0.0832674	"2"	"DOWN;"	2617.4668	0.93	2.08	0	0.12	"Female"	47	13	20	0.874	1.994	0	"6"
"TCGA-V3-A9ZX"	4	4	5	4	4	4	"Yes"	"Alive, with UM metastasis"	"1"	7	"NA"	"Q209L"	"NA"	"NA"	"NA"	"NA"	"NA"	"splicing_variant"	"splice_donor_variant"	"NA"	740.8219	"p.ELAKAHNSHAR136_splice"	"NA"	7	"UP;"	"AMP;"	"AMP;"	"2"	"3"	3	899.726	"6"	7	"2"	"Predicted"	94.4	537.5342	0.06175107	"1"	"DOWN;"	13566.0274	0.83	2.04	0	0.09	"Male"	56	8	16	0.766	2.061	0	"6"
"TCGA-V4-A9E7"	4	4	3	3	3	5	"NA"	"Death, metastatic UM"	"1"	5	"Q209L"	"NA"	"NA"	"NA"	"NA"	"NA"	"NA"	"splicing_variant"	"splice_acceptor_variant"	"frameshift_variant"	1261.9366	"p.SG146_splice"	"del_frameshift_2nt"	5	NA	"AMP;"	"AMP;"	"1"	"2"	2	527.7406	"5"	6	"1"	"Predicted"	51.2	493.2322	0.026127159	"1"	"DOWN;"	1739.1046	1	1.89	0	0.07	"Male"	76	12	20	0.928	1.902	0	"5"
"TCGA-V4-A9EE"	4	4	4	4	4	4	"NA"	"Death, metastatic UM"	"1"	5	"Q209P"	"NA"	"NA"	"NA"	"NA"	"NA"	"NA"	"splicing_variant"	"splice_acceptor_variant"	"NA"	819.8668	"p.THSPT*GEIILIRPYFLPRRA126_splice"	"NA"	5	"UP;"	NA	NA	"1"	"2"	2	507.0229	"5"	6	"3"	"Predicted"	115.8	401.2336	0.03925971	"2"	"DOWN;"	4.8719	0.92	1.98	0	0.12	"Male"	86	14	26	0.855	1.936	0	"5"
"TCGA-V4-A9EI"	4	4	3	4	4	4	"NA"	"Death, metastatic UM"	"1"	8	"NA"	"Q209L"	"NA"	"NA"	"NA"	"NA"	"NA"	"frameshift_variant"	"frameshift_variant"	"frameshift_variant"	2127.2152	"p.D672Vfs*41"	"del_frameshift_10nt"	8	"UP;"	NA	NA	"2"	"3"	3	626.2658	"7"	8	"3"	"Predicted"	82.9	649.0506	0.022458747	"1"	"DOWN;"	3772.4684	0.93	2.18	0	0.18	"Male"	78	20	35	0.853	2.075	0	"7"
"TCGA-V4-A9EL"	4	4	3	4	4	4	"Yes"	"Alive, with UM metastasis"	"1"	7	"Q209L"	"NA"	"NA"	"NA"	"NA"	"NA"	"NA"	"nonsense"	"nonsense"	"inframe_deletion"	302.8962	"p.Q393*;p.P391_Q392del"	"del_in.frame.del_6nt"	7	NA	"AMP;"	"AMP;"	"2"	"2"	2	426.79	"9"	7	"2"	"Predicted"	65.4	667.7393	0.020736336	"1"	"DOWN;"	4636.7659	0.86	2.04	0	0.01	"Male"	60	7	17	0.815	2.003	0	"9"
"TCGA-V4-A9EU"	4	4	4	4	4	4	"NA"	"Alive, no UM metastasis"	"1"	6	"NA"	"Q209L"	"NA"	"NA"	"NA"	"NA"	"NA"	"nonsense"	"nonsense"	"NA"	338.0126	"p.Q441*"	"NA"	6	"UP;"	"AMP;"	"AMP;"	"2"	"2"	2	565.965	"6"	6	"1"	"Predicted"	59	488.8817	0.02727564	"1"	"DOWN;"	15408.4285	0.97	2.06	0	0.01	"Female"	83	10	18	0.891	1.972	0	"6"
"TCGA-V4-A9EV"	4	4	4	4	4	4	"NA"	"Death, metastatic UM"	"1"	5	"NA"	"Q209L"	"NA"	"NA"	"NA"	"NA"	"NA"	"frameshift_variant"	"inframe_deletion"	"frameshift_variant"	700.1938	"p.L230_A243del"	"del_frameshift_41nt"	5	NA	"AMP;"	"AMP;"	"2"	"2"	2	465.5718	"5"	5	"1"	"Predicted"	27.5	533.7142	0.02131804	"2"	"DOWN;"	236.2542	0.75	2.04	0	0.04	"Female"	59	8	15	0.718	1.99	0	"5"
"TCGA-V4-A9EX"	4	4	3	4	4	4	"NA"	"Death, metastatic UM"	"1"	6	"Q209P"	"NA"	"NA"	"NA"	"NA"	"NA"	"NA"	"nonsense"	"nonsense"	"NA"	2168.0614	"p.Q40*"	"NA"	6	"UP;"	NA	NA	"2 (focal del)"	"3"	3	685.8438	"6"	6	"1"	"Predicted"	120.6	518.1311	0.032788101	"1"	"DOWN;"	11620.2929	0.93	2.09	0	0.08	"Female"	55	8	18	0.873	2.018	0	"6"
"TCGA-V4-A9F1"	4	4	4	4	4	4	"NA"	"Alive, no UM metastasis"	"1"	5	"Q209P"	"NA"	"NA"	"NA"	"NA"	"NA"	"NA"	"nonsense"	"nonsense"	"NA"	1613.1616	"p.Y33*"	"NA"	5	NA	NA	NA	"2"	"2"	2	386.8384	"5"	6	"1"	"Predicted"	208.1	437.3259	0.04444125	"2"	"DOWN;"	496.5181	0.89	1.95	0	0.02	"Female"	46	10	16	0.833	1.984	0	"5"
"TCGA-V4-A9F3"	4	4	4	4	4	4	"NA"	"Death, metastatic UM"	"1"	5	"NA"	"Q209L"	"NA"	"NA"	"NA"	"NA"	"NA"	"frameshift_variant"	"NA"	"frameshift_variant"	975.38	"NA"	"ins_frameshift_1nt"	4	"UP;"	"AMP;"	"AMP;"	"2"	"3"	3	950.9741	"4"	5	"1"	"Predicted"	59.2	347.6772	0.041188239	"1"	"DOWN;"	12795.547	0.72	1.99	0	0.1	"Female"	49	6	12	0.684	1.98	0	"4"
"TCGA-V4-A9F5"	4	4	3	3	3	3	"NA"	"Alive, with UM metastasis"	"1"	4	"NA"	"Q209L"	"NA"	"NA"	"NA"	"NA"	"NA"	"frameshift_variant"	"NA"	"frameshift_variant"	626.8003	"NA"	"del_frameshift_53nt;alt splice"	4	NA	"AMP;"	"AMP;"	"1"	"2"	2	356.6522	"5"	6	"1"	"Predicted"	49.3	431.1025	0.020037117	"1"	"DOWN;"	6363.0159	1	1.91	0	0.1	"Female"	85	8	17	0.918	1.963	0	"5"
"TCGA-VD-A8K8"	4	4	4	4	4	4	"NA"	"Death, metastatic UM"	"1"	5	"NA"	"Q209L"	"NA"	"NA"	"NA"	"NA"	"NA"	"frameshift_variant"	"NA"	"frameshift_variant"	1937.805	"NA"	"del_frameshift_8nt"	5	NA	"AMP;"	"AMP;"	"2"	"2"	2	495.8491	"5"	6	"1"	"Predicted"	39.5	503.9777	0.02371448	"2"	"DOWN;"	3.1808	0.93	2.02	0	0.03	"Female"	56	14	22	0.832	1.978	0	"5"
"TCGA-VD-A8KI"	4	4	3	3	3	3	"NA"	"Death, metastatic UM"	"1"	5	"G48L"	"NA"	"NA"	"NA"	"NA"	"NA"	"NA"	"splicing_variant"	"splice_donor_variant"	"NA"	191.3985	"p.PLALTG572_splice"	"NA"	5	NA	"AMP;"	"AMP;"	"2"	"3"	3	1189.4047	"5"	5	"NA"	"Predicted"	67.8	342.9222	0.106849798	"1"	"DOWN;"	8180.5753	0.95	2.03	0	0.01	"Male"	68	18	36	0.852	2.044	0	"5"
"TCGA-VD-A8KM"	4	4	4	4	4	4	"NA"	"Alive, no UM metastasis"	"1"	3	"Q209P"	"NA"	"NA"	"NA"	"NA"	"NA"	"NA"	"NA"	"NA"	"NA"	539.4402	"NA"	"NA"	5	"UP;"	"AMP;"	"AMP;"	"2"	"3"	3	580.5296	"51%:3 48%:4"	5	"0"	"Predicted"	67.3	389.4072	0.065959259	"2"	"DOWN;"	12750.1649	0.46	2.04	0	0	"Male"	65	13	28	0.426	2.088	0	"51%:3 48%:4"
"TCGA-VD-A8KN"	4	4	3	4	4	4	"NA"	"Alive, no UM metastasis"	"1"	4	"Q209P"	"NA"	"NA"	"NA"	"NA"	"NA"	"NA"	"frameshift_variant"	"NA"	"frameshift_variant"	297.2561	"NA"	"del_frameshift_2nt"	4	NA	NA	NA	"2"	"2"	2	772.8659	"5"	5	"NA"	"Predicted"	145.9	322.1545	0.080924556	"2"	"DOWN;"	4455.7927	0.91	2	0	0.05	"Female"	60	13	21	0.831	1.966	0	"5"
"TCGA-VD-AA8N"	4	4	4	3	3	3	"NA"	"Alive, no UM metastasis"	"1"	4	"NA"	"Q209L"	"NA"	"NA"	"NA"	"NA"	"NA"	"splicing_variant"	"missense_variant"	"splicing_variant"	1766.2835	"p.N78S"	"alt splice"	4	NA	"AMP;"	"AMP;"	"2"	"2"	2	438.6973	"5"	4	"2"	"Predicted"	60.1	381.2261	0.045396721	"1"	"DOWN;"	5091.954	0.82	1.92	0	0	"Male"	86	10	21	0.777	1.924	0	"5"
"TCGA-WC-A87Y"	4	4	4	4	4	4	"NA"	"Death, metastatic UM"	"1"	4	"NA"	"Q209L"	"NA"	"NA"	"NA"	"NA"	"NA"	"splicing_variant"	"NA"	"splicing_variant"	671.5644	"NA"	"ins_alt.splice_5nt;del_alt.splice_23nt"	4	NA	NA	NA	"2"	"2"	2	547.1046	"4"	4	"1"	"Predicted"	135.5	398.4443	0.068302838	"2"	"DOWN;"	15.1253	0.7	2	0	0.03	"Male"	59	11	21	0.666	1.998	0	"4"
"TCGA-WC-A883"	4	4	3	3	4	4	"NA"	"Death, unknown"	"1"	6	"Q209P"	"NA"	"NA"	"NA"	"NA"	"NA"	"NA"	"NA"	"NA"	"NA"	857.1429	"NA"	"NA"	6	NA	"AMP;"	"AMP;"	"1"	"2"	2	609.7427	"6"	6	"1"	"Predicted"	77.3	1077.1757	0.082195805	"2"	"DOWN;"	12057.4713	0.92	2.07	0	0	"Female"	76	10	20	0.861	2.051	0	"6"
"TCGA-WC-A88A"	4	4	3	3	4	5	"Yes"	"Death, metastatic UM"	"1"	4	"NA"	"Q209L"	"NA"	"NA"	"NA"	"NA"	"NA"	"frameshift_variant"	"inframe_deletion"	"frameshift_variant"	2689.6766	"p.R56_V66del"	"del_frameshift_32nt"	4	"UP;"	NA	NA	"2"	"3"	3	922.8856	"4"	4	"1"	"Predicted"	153.1	386.8159	0.022739507	"1"	NA	12866.9154	0.94	2.04	0	0.04	"Male"	75	18	23	0.87	2.03	0	"4"
