"patient"	"short histo"	"histology"	"age at diagnosis"	"gender"	"history other malignancy"	"Tumor Site"	"pathologic tumor size"	"Pathology review depth"	"residual tumor"	"radiation treatment adjuvant"	"pharmaceutical tx adjuvant"	"tumor status"	"OS status"	"DSS status"	"OS days"	"new tumor event dx indicator"	"days to new tumor event"	"RFS status"	"RFS days"	"treatment outcome at tcga followup"	"local recurrence"	"local recurrence days"	"distant recurrence"	"distant recurrence site"	"distant recurrence days"	"leiomyo major vessel involvement"	"synovial ss18ssx fusion status"	"avg CN 12q13~15"	"AMP 12q15 DDIT3"	"AMP 12q15 CDK4"	"AMP 12q15 HMGA2"	"AMP 12q15 MDM2"	"AMP 12q15 FRS2"	"mitotic rate"	"Necrosis score"	"Necrosis present"	"Necrosis percentage"	"disease multifocal indicator"	"FNCLCC grade"	"CN cluster"	"methylation cluster"	"mRNA cluster"	"miRNA cluster"	"RPPA cluster"	"PARADIGM cluster"	"iCluster cluster"	"leukocyte fraction"	"purity"	"ploidy"	"Genome doublings"	"Cancer DNA fraction"	"Subclona genome fraction"	"CIN"	"Mutation Load"
"TCGA-3B-A9HI"	"UPS"	"undifferentiated pleomorphic sarcoma"	68	"MALE"	"No"	"Upper Extremity - Upper arm/elbow"	"8"	"deep"	"R1"	"[Unknown]"	"[Unknown]"	"WITH TUMOR"	"Alive"	"0"	1521	"YES"	"606"	"Relapse"	606	"Progressive Disease"	"Locoregional Recurrence"	"606"	"Distant Metastasis"	"Lung"	"791"	"NA"	"NA"	2	-0.154	-0.105	-0.105	-0.105	-0.105	25	1	"yes"	"<50 %"	"NO"	3	1	"M1"	1	2	"C4"	4	3	0.286521652	"0.55000000000000004"	"3.33"	"1"	"0.67"	"0.08"	402	89
"TCGA-3B-A9HL"	"DDLPS"	"dedifferentiated liposarcoma"	67	"MALE"	"No"	"Retroperitoneum/Upper abdominal - Retroperitoneum"	"18"	"deep"	"R1"	"NO"	"YES"	"TUMOR FREE"	"Dead"	"0"	599	"YES"	"229"	"Relapse"	229	"NA"	"Locoregional Recurrence"	"229"	"Distant Metastasis"	"Lung"	"229"	"NA"	"NA"	25	-0.189	3.657	3.657	3.657	3.657	7	1	"yes"	"<50 %"	"NO"	2	2	"M1"	1	2	"C5"	4	2	0.182637297	"NA"	"NA"	"NA"	"NA"	"NA"	654	86
"TCGA-3B-A9HO"	"DDLPS"	"dedifferentiated liposarcoma"	75	"MALE"	"Yes"	"Retroperitoneum/Upper abdominal - Intraabdominal"	"25"	"deep"	"R1"	"NO"	"NO"	"TUMOR FREE"	"Alive"	"0"	959	"YES"	"595"	"Relapse"	595	"Complete Response"	"NA"	"NA"	"New Primary Tumor"	"Abdominal Wall"	"595"	"NA"	"NA"	25	-0.345	3.657	3.657	3.657	3.657	2	1	"yes"	"<50 %"	"NO"	2	3	"M1"	1	2	"NA"	1	3	0.483617791	"0.31"	"3.73"	"1"	"0.45"	"7.0000000000000007E-2"	544	105
"TCGA-3B-A9HP"	"ULMS"	"leiomyosarcoma - gynecologic"	57	"FEMALE"	"No"	"Retroperitoneum/Upper abdominal - Retroperitoneum"	"11.5"	"deep"	"R1"	"YES"	"YES"	"WITH TUMOR"	"Dead"	"1"	1627	"YES"	"517"	"Relapse"	517	"NA"	"NA"	"NA"	"Distant Metastasis"	"Lung"	"517"	"No Major Vessel Involvement"	"NA"	2	0.011	0.008	0.008	0.008	0.008	7	1	"yes"	"<50 %"	"NO"	2	4	"M3"	3	1	"NA"	4	1	0.173535108	"0.79"	"2.0299999999999998"	"0"	"0.79"	"0.03"	64	70
"TCGA-3B-A9HQ"	"STLMS"	"leiomyosarcoma - soft tissue"	66	"FEMALE"	"No"	"Retroperitoneum/Upper abdominal - Retroperitoneum"	"6.5"	"deep"	"R0"	"[Unknown]"	"[Unknown]"	"[Unknown]"	"Alive"	"0"	2085	"NO"	"NA"	"Non-Relapse"	2085	"Complete Response"	"NA"	"NA"	"NA"	"NA"	"NA"	"No Major Vessel Involvement"	"NA"	1	-0.731	-0.575	-0.575	-0.575	-0.575	10	1	"yes"	"<50 %"	"NO"	2	4	"M3"	3	1	"NA"	3	1	0.241127458	"0.78"	"1.96"	"0"	"0.78"	"0.02"	51	90
"TCGA-3B-A9HR"	"STLMS"	"leiomyosarcoma - soft tissue"	38	"FEMALE"	"No"	"Lower Extremity - Thigh/knee"	"8"	"unk"	"R0"	"YES"	"NO"	"WITH TUMOR"	"Dead"	"1"	2694	"YES"	"496"	"Relapse"	496	"Progressive Disease"	"NA"	"NA"	"Distant Metastasis"	"Lung"	"496"	"No Major Vessel Involvement"	"NA"	2	0	0	0	0	0	6	1	"yes"	"<50 %"	"NO"	2	5	"M3"	3	1	"NA"	3	1	0.019719217	"0.96"	"3.21"	"1"	"0.97"	"0.15"	166	57
"TCGA-3B-A9HS"	"DDLPS"	"dedifferentiated liposarcoma"	60	"MALE"	"No"	"Retroperitoneum/Upper abdominal - Retroperitoneum"	"30"	"deep"	"R0"	"YES"	"YES"	"WITH TUMOR"	"Dead"	"1"	1366	"YES"	"139"	"Relapse"	139	"NA"	"Locoregional Recurrence"	"139"	"Distant Metastasis"	"Pelvis"	"180"	"No Major Vessel Involvement"	"NA"	19	-0.173	3.657	-0.098	3.657	3.657	4	1	"yes"	"<50 %"	"YES"	2	3	"M1"	1	2	"NA"	4	2	0.305910661	"0.56999999999999995"	"3.29"	"1"	"0.68"	"0.43"	604	101
"TCGA-3B-A9HT"	"STLMS"	"leiomyosarcoma - soft tissue"	53	"MALE"	"No"	"Head and Neck - Other (please specify"	"4"	"deep"	"R0"	"YES"	"YES"	"TUMOR FREE"	"Alive"	"0"	1665	"YES"	"670"	"Relapse"	670	"Complete Response"	"NA"	"NA"	"New Primary Tumor"	"Liver"	"670"	"No Major Vessel Involvement"	"NA"	2	-0.003	-0.003	-0.003	-0.003	-0.003	12	0	"no"	"<50 %"	"NO"	2	2	"M1"	1	2	"NA"	1	5	0.590875858	"NA"	"NA"	"NA"	"NA"	"NA"	50	394
"TCGA-3B-A9HU"	"STLMS"	"leiomyosarcoma - soft tissue"	53	"FEMALE"	"No"	"Retroperitoneum/Upper abdominal - Retroperitoneum"	"7.9"	"deep"	"R0"	"[Unknown]"	"[Unknown]"	"WITH TUMOR"	"Alive"	"0"	768	"YES"	"631"	"Relapse"	631	"Progressive Disease"	"NA"	"NA"	"Distant Metastasis"	"Lung"	"631"	"No Major Vessel Involvement"	"NA"	1	-0.969	-0.614	-0.605	-0.605	-0.605	6	1	"yes"	"<50 %"	"NO"	2	5	"M3"	3	1	"NA"	3	1	0.363312094	"0.63"	"1.8"	"0"	"0.61"	"0.13"	102	54
"TCGA-3B-A9HV"	"ULMS"	"leiomyosarcoma - gynecologic"	48	"FEMALE"	"No"	"Gynecological - Uterus"	"14.9"	"deep"	"RX"	"NO"	"YES"	"WITH TUMOR"	"Dead"	"1"	437	"YES"	"41"	"Relapse"	41	"NA"	"NA"	"NA"	"Distant Metastasis"	"Lung"	"41"	"No Major Vessel Involvement"	"NA"	2	0.03	0.03	0.071	0.071	0.599	20	1	"yes"	"<50 %"	"YES"	3	4	"M5"	3	1	"C1"	3	1	0.028491305	"0.99"	"1.92"	"0"	"0.99"	"0.25"	268	82
"TCGA-3B-A9HX"	"STLMS"	"leiomyosarcoma - soft tissue"	70	"FEMALE"	"No"	"Retroperitoneum/Upper abdominal - Colon"	"4"	"deep"	"R0"	"NO"	"NO"	"TUMOR FREE"	"Alive"	"0"	1303	"NO"	"NA"	"Non-Relapse"	1303	"Complete Response"	"NA"	"NA"	"NA"	"NA"	"NA"	"No Major Vessel Involvement"	"NA"	2	0	0.001	0.001	0.001	0.001	20	1	"yes"	"<50 %"	"YES"	3	3	"M1"	1	1	"NA"	4	5	0.348173733	"0.53"	"3.14"	"1"	"0.64"	"0.24"	368	69
"TCGA-3B-A9HY"	"STLMS"	"leiomyosarcoma - soft tissue"	49	"MALE"	"No"	"Lower Extremity - Thigh/knee"	"2.6"	"superficial"	"R0"	"[Unknown]"	"[Unknown]"	"TUMOR FREE"	"Alive"	"0"	314	"NO"	"NA"	"Non-Relapse"	314	"Complete Response"	"NA"	"NA"	"NA"	"NA"	"NA"	"No Major Vessel Involvement"	"NA"	2	-0.012	-0.01	-0.01	-0.01	-0.01	12	1	"yes"	"<50 %"	"NO"	2	4	"M3"	3	1	"NA"	3	1	0.104016193	"0.85"	"1.83"	"0"	"0.83"	"0.08"	138	76
"TCGA-3B-A9HZ"	"STLMS"	"leiomyosarcoma - soft tissue"	66	"MALE"	"No"	"Chest - Mediastinum"	"9.5"	"deep"	"R1"	"YES"	"YES"	"WITH TUMOR"	"Alive"	"0"	1170	"YES"	"309"	"Relapse"	309	"Progressive Disease"	"NA"	"NA"	"Distant Metastasis"	"Lung"	"309"	"No Major Vessel Involvement"	"NA"	1	-0.928	-0.653	-0.653	-0.653	-0.653	8	1	"yes"	"<50 %"	"NO"	2	5	"M3"	3	1	"NA"	3	1	0.324010992	"0.7"	"1.86"	"0"	"0.69"	"0.11"	93	73
"TCGA-3B-A9I0"	"STLMS"	"leiomyosarcoma - soft tissue"	33	"MALE"	"No"	"Retroperitoneum/Upper abdominal - Retroperitoneum"	"18"	"deep"	"R0"	"NO"	"YES"	"WITH TUMOR"	"Alive"	"0"	1096	"YES"	"503"	"Relapse"	503	"Progressive Disease"	"NA"	"NA"	"Distant Metastasis"	"Liver"	"503"	"No Major Vessel Involvement"	"NA"	2	-0.007	-0.006	-0.006	-0.006	-0.006	6	1	"yes"	"<50 %"	"NO"	2	4	"M3"	3	1	"NA"	3	1	0.105440499	"0.91"	"1.89"	"0"	"0.9"	"0.06"	103	48
"TCGA-3B-A9I1"	"ULMS"	"leiomyosarcoma - gynecologic"	56	"FEMALE"	"No"	"Gynecological - Uterus"	"18"	"deep"	"RX"	"NO"	"YES"	"WITH TUMOR"	"Dead"	"1"	567	"YES"	"192"	"Relapse"	192	"NA"	"NA"	"NA"	"Distant Metastasis"	"Pelvis"	"192"	"No Major Vessel Involvement"	"NA"	2	-0.022	-0.022	-0.052	-0.052	-0.052	2	0	"no"	"<50 %"	"YES"	2	6	"M3"	3	1	"NA"	3	1	0.032251225	"0.96"	"3.17"	"1"	"0.97"	"0.37"	176	66
"TCGA-3B-A9I3"	"STLMS"	"leiomyosarcoma - soft tissue"	62	"MALE"	"No"	"Retroperitoneum/Upper abdominal - Retroperitoneum"	"9"	"deep"	"R1"	"NO"	"NO"	"TUMOR FREE"	"Alive"	"0"	808	"YES"	"87"	"Relapse"	87	"Complete Response"	"NA"	"NA"	"New Primary Tumor"	"Axillary Lymph Node"	"87"	"No Major Vessel Involvement"	"NA"	2	-0.678	-0.251	-0.251	-0.251	-0.251	10	0	"no"	"<50 %"	"NO"	1	5	"M1"	3	1	"C1"	4	1	0.216892683	"0.4"	"1.62"	"0"	"0.35"	"0.39"	100	101
"TCGA-3R-A8YX"	"DDLPS"	"dedifferentiated liposarcoma"	66	"MALE"	"No"	"Retroperitoneum/Upper abdominal - Retroperitoneum"	"NA"	"deep"	"R2"	"NO"	"NO"	"WITH TUMOR"	"Dead"	"1"	17	"NO"	"NA"	"Relapse"	17	"NA"	"NA"	"NA"	"NA"	"NA"	"NA"	"NA"	"NA"	25	-0.086	3.657	3.657	3.657	3.657	22	0	"no"	"<50 %"	"YES"	3	6	"M1"	1	2	"C2"	5	5	0.169894503	"0.48"	"6.24"	"2"	"0.75"	"7.0000000000000007E-2"	391	89
"TCGA-DX-A1KU"	"DDLPS"	"dedifferentiated liposarcoma"	82	"MALE"	"No"	"Retroperitoneum/Upper abdominal - Retroperitoneum"	"33"	"deep"	"R2"	"NO"	"NO"	"WITH TUMOR"	"Dead"	"1"	427	"YES"	"94"	"Relapse"	94	"Progressive Disease"	"NA"	"NA"	"Distant Metastasis"	"Abdomen"	"94"	"NA"	"NA"	25	3.657	3.657	3.657	3.657	3.657	2	1	"yes"	"<50 %"	"YES"	2	3	"M1"	1	2	"C3"	4	3	0.493090878	"0.45"	"3.24"	"1"	"0.56999999999999995"	"0.33"	532	73
"TCGA-DX-A1KW"	"DDLPS"	"dedifferentiated liposarcoma"	67	"MALE"	"No"	"Retroperitoneum/Upper abdominal - Retroperitoneum"	"24.5"	"deep"	"R1"	"NO"	"NO"	"[Unknown]"	"Dead"	"NA"	995	"NO"	"NA"	"Relapse"	995	"Complete Response"	"NA"	"NA"	"NA"	"NA"	"NA"	"NA"	"NA"	25	-0.666	3.657	3.657	3.657	3.657	1	1	"yes"	"<50 %"	"NO"	2	6	"M5"	1	2	"C4"	4	2	0.098407784	"0.83"	"3.3"	"1"	"0.89"	"0.21"	463	56
"TCGA-DX-A1KX"	"UPS"	"undifferentiated pleomorphic sarcoma"	67	"FEMALE"	"No"	"Lower abdominal/Pelvic - Pelvic"	"12.6"	"deep"	"R0"	"NO"	"NO"	"TUMOR FREE"	"Alive"	"0"	2087	"NO"	"NA"	"Non-Relapse"	2087	"NA"	"NA"	"NA"	"NA"	"NA"	"NA"	"NA"	"NA"	2	-0.017	-0.015	-0.015	-0.015	-0.015	4	0	"no"	"<50 %"	"NO"	2	6	"M1"	1	2	"C3"	4	3	0.215477866	"0.6"	"3.98"	"2"	"0.75"	"0.21"	622	107
"TCGA-DX-A1KY"	"DDLPS"	"dedifferentiated liposarcoma"	66	"MALE"	"No"	"Retroperitoneum/Upper abdominal - Retroperitoneum"	"39.5"	"deep"	"R1"	"NO"	"NO"	"WITH TUMOR"	"Dead"	"1"	391	"YES"	"205"	"Relapse"	205	"Progressive Disease"	"NA"	"NA"	"Distant Metastasis"	"NA"	"205"	"NA"	"NA"	8	-0.034	-0.034	-0.016	2.948	2.546	1	0	"no"	"<50 %"	"NO"	2	3	"M5"	2	2	"C4"	2	2	0.027675444	"0.95"	"2.39"	"1"	"0.96"	"0.09"	623	98
"TCGA-DX-A1KZ"	"DDLPS"	"dedifferentiated liposarcoma"	66	"MALE"	"No"	"Retroperitoneum/Upper abdominal - Retroperitoneum"	"30"	"deep"	"R1"	"NO"	"NO"	"WITH TUMOR"	"Alive"	"0"	1372	"YES"	"1294"	"Relapse"	1294	"NA"	"Locoregional Recurrence"	"1294"	"NA"	"NA"	"NA"	"NA"	"NA"	15	3.657	3.657	1.738	3.657	0.002	1	0	"no"	"<50 %"	"NO"	2	3	"M1"	1	2	"C3"	4	3	0.339665347	"0.49"	"4.07"	"1"	"0.66"	"0.11"	658	41
"TCGA-DX-A1L0"	"DDLPS"	"dedifferentiated liposarcoma"	58	"MALE"	"No"	"Retroperitoneum/Upper abdominal - Retroperitoneum"	"27"	"deep"	"R1"	"NO"	"NO"	"WITH TUMOR"	"Dead"	"1"	564	"NO"	"NA"	"Relapse"	564	"Progressive Disease"	"Locoregional Recurrence"	"103"	"NA"	"NA"	"NA"	"NA"	"NA"	25	0.434	3.657	3.657	3.657	3.657	6	1	"yes"	"<50 %"	"NO"	2	3	"M5"	1	2	"C5"	4	2	0.088691337	"0.81"	"2.88"	"1"	"0.86"	"0.21"	948	103
"TCGA-DX-A1L1"	"DDLPS"	"dedifferentiated liposarcoma"	60	"MALE"	"No"	"Retroperitoneum/Upper abdominal - Retroperitoneum"	"8.5"	"deep"	"R0"	"NO"	"NO"	"WITH TUMOR"	"Dead"	"1"	1649	"NO"	"NA"	"Relapse"	1649	"Progressive Disease"	"Locoregional Recurrence"	"349"	"Distant Metastasis"	"Liver"	"573"	"NA"	"NA"	13	-0.328	-0.18	-0.18	3.657	3.657	5	1	"yes"	"<50 %"	"YES"	2	6	"M1"	1	2	"C3"	4	3	0.464510751	"0.53"	"2.2799999999999998"	"1"	"0.56000000000000005"	"0.31"	143	87
"TCGA-DX-A1L3"	"DDLPS"	"dedifferentiated liposarcoma"	60	"FEMALE"	"No"	"Retroperitoneum/Upper abdominal - Retroperitoneum"	"20"	"deep"	"R1"	"NO"	"NO"	"WITH TUMOR"	"Dead"	"1"	1020	"YES"	"437"	"Relapse"	437	"Progressive Disease"	"Locoregional Recurrence"	"437"	"Distant Metastasis"	"NA"	"515"	"NA"	"NA"	19	-0.018	3.657	-0.021	3.657	3.657	7	1	"yes"	"<50 %"	"NO"	2	2	"M1"	1	2	"C5"	4	3	0.378329238	"0.61"	"2.0499999999999998"	"0"	"0.61"	"0"	168	67
"TCGA-DX-A1L4"	"DDLPS"	"dedifferentiated liposarcoma"	60	"MALE"	"No"	"Retroperitoneum/Upper abdominal - Retroperitoneum"	"19.5"	"deep"	"R0"	"NO"	"NO"	"WITH TUMOR"	"Alive"	"0"	2036	"YES"	"340"	"Relapse"	340	"NA"	"Locoregional Recurrence"	"340"	"NA"	"NA"	"NA"	"NA"	"NA"	20	0.001	3.657	1.44	3.657	3.657	2	1	"yes"	"<50 %"	"NO"	2	2	"M1"	1	2	"C3"	4	3	0.679375286	"NA"	"NA"	"NA"	"NA"	"NA"	235	21
"TCGA-DX-A23R"	"DDLPS"	"dedifferentiated liposarcoma"	55	"FEMALE"	"No"	"Retroperitoneum/Upper abdominal - Retroperitoneum"	"21"	"deep"	"R1"	"NO"	"NO"	"TUMOR FREE"	"Alive"	"0"	2271	"NO"	"NA"	"Non-Relapse"	2271	"Complete Response"	"NA"	"NA"	"NA"	"NA"	"NA"	"NA"	"NA"	25	3.657	3.657	3.657	3.657	3.657	5	1	"yes"	"<50 %"	"NO"	2	3	"M5"	2	2	"C4"	2	2	0.053580699	"0.97"	"1.97"	"0"	"0.97"	"0.61"	477	46
"TCGA-DX-A23T"	"DDLPS"	"dedifferentiated liposarcoma"	40	"FEMALE"	"No"	"Retroperitoneum/Upper abdominal - Retroperitoneum"	"30"	"deep"	"R1"	"NO"	"NO"	"WITH TUMOR"	"Dead"	"1"	160	"YES"	"104"	"Relapse"	104	"Progressive Disease"	"Locoregional Recurrence"	"104"	"NA"	"NA"	"NA"	"NA"	"NA"	25	-0.018	3.657	3.657	3.657	3.657	7	1	"yes"	"<50 %"	"NO"	2	2	"M1"	1	2	"C3"	4	3	0.645141824	"NA"	"NA"	"NA"	"NA"	"NA"	438	14
"TCGA-DX-A23V"	"DDLPS"	"dedifferentiated liposarcoma"	57	"FEMALE"	"No"	"Retroperitoneum/Upper abdominal - Retroperitoneum"	"13"	"deep"	"R1"	"NO"	"NO"	"WITH TUMOR"	"Dead"	"1"	2034	"NO"	"NA"	"Relapse"	2034	"Progressive Disease"	"Locoregional Recurrence"	"378"	"NA"	"NA"	"NA"	"NA"	"NA"	25	-0.008	3.657	3.657	3.657	3.657	3	0	"no"	"<50 %"	"YES"	2	2	"M1"	1	2	"C5"	4	3	0.422456736	"0.44"	"2.0299999999999998"	"0"	"0.44"	"0.01"	184	22
"TCGA-DX-A23Y"	"DDLPS"	"dedifferentiated liposarcoma"	80	"MALE"	"No"	"Retroperitoneum/Upper abdominal - Retroperitoneum"	"20"	"deep"	"R1"	"NO"	"NO"	"WITH TUMOR"	"Dead"	"1"	191	"YES"	"172"	"Relapse"	172	"Progressive Disease"	"Locoregional Recurrence"	"172"	"NA"	"NA"	"NA"	"NA"	"NA"	19	-0.181	3.657	-0.492	3.657	3.657	16	1	"yes"	"<50 %"	"YES"	3	3	"M1"	1	2	"C5"	4	3	0.338075655	"0.55000000000000004"	"3.46"	"1"	"0.68"	"0.12"	711	66
"TCGA-DX-A240"	"DDLPS"	"dedifferentiated liposarcoma"	51	"MALE"	"No"	"Lower abdominal/Pelvic - Spermatic Cord"	"13.5"	"deep"	"R0"	"NO"	"NO"	"TUMOR FREE"	"Alive"	"0"	1834	"NO"	"NA"	"Non-Relapse"	1834	"Complete Response"	"NA"	"NA"	"NA"	"NA"	"NA"	"NA"	"NA"	19	0.009	3.657	-0.016	3.657	3.657	5	0	"no"	"<50 %"	"NO"	2	2	"M1"	1	2	"C4"	5	2	0.074588316	"0.74"	"2.11"	"0"	"0.75"	"0.02"	270	35
"TCGA-DX-A2IZ"	"DDLPS"	"dedifferentiated liposarcoma"	60	"MALE"	"No"	"Retroperitoneum/Upper abdominal - Retroperitoneum"	"29"	"deep"	"R0"	"NO"	"NO"	"TUMOR FREE"	"Alive"	"0"	261	"NO"	"NA"	"Non-Relapse"	261	"Complete Response"	"NA"	"NA"	"NA"	"NA"	"NA"	"NA"	"NA"	25	3.657	3.657	3.657	3.657	3.657	2	2	"yes"	">50 %"	"NO"	3	2	"M5"	2	2	"C4"	2	2	0.055554853	"0.94"	"1.99"	"0"	"0.94"	"0"	417	52
"TCGA-DX-A2J0"	"DDLPS"	"dedifferentiated liposarcoma"	61	"MALE"	"No"	"Retroperitoneum/Upper abdominal - Retroperitoneum"	"25"	"deep"	"R1"	"NO"	"NO"	"WITH TUMOR"	"Dead"	"1"	295	"YES"	"213"	"Relapse"	213	"Progressive Disease"	"Locoregional Recurrence"	"213"	"NA"	"NA"	"NA"	"NA"	"NA"	25	-0.187	3.657	3.657	3.657	3.657	1	0	"no"	"<50 %"	"NO"	2	3	"M5"	1	2	"C5"	4	2	0.082191807	"0.93"	"1.88"	"0"	"0.92"	"7.0000000000000007E-2"	657	60
"TCGA-DX-A2J1"	"DDLPS"	"dedifferentiated liposarcoma"	53	"MALE"	"No"	"Retroperitoneum/Upper abdominal - Retroperitoneum"	"31"	"deep"	"R1"	"NO"	"NO"	"TUMOR FREE"	"Alive"	"0"	2901	"NO"	"NA"	"Non-Relapse"	2901	"NA"	"NA"	"NA"	"NA"	"NA"	"NA"	"NA"	"NA"	25	0.001	3.657	3.657	3.657	3.657	1	0	"no"	"<50 %"	"NO"	2	2	"M1"	1	2	"C3"	1	3	0.589387758	"0.71"	"2.0499999999999998"	"0"	"0.71"	"0.01"	168	57
"TCGA-DX-A2J4"	"DDLPS"	"dedifferentiated liposarcoma"	60	"MALE"	"No"	"Retroperitoneum/Upper abdominal - Intraabdominal"	"22"	"deep"	"R0"	"NO"	"NO"	"TUMOR FREE"	"Alive"	"0"	2408	"NO"	"NA"	"Non-Relapse"	2408	"NA"	"NA"	"NA"	"NA"	"NA"	"NA"	"NA"	"NA"	25	-0.017	3.657	3.657	3.657	3.657	1	1	"yes"	"<50 %"	"NA"	2	2	"M1"	1	2	"C4"	4	3	0.571234222	"0.35"	"2.04"	"0"	"0.35"	"0"	179	53
"TCGA-DX-A3LS"	"DDLPS"	"dedifferentiated liposarcoma"	78	"FEMALE"	"No"	"Retroperitoneum/Upper abdominal - Retroperitoneum"	"13.2"	"deep"	"R1"	"NO"	"NO"	"WITH TUMOR"	"Dead"	"1"	275	"YES"	"114"	"Relapse"	114	"Progressive Disease"	"NA"	"NA"	"Distant Metastasis"	"Lung"	"114"	"NA"	"NA"	19	-0.879	3.657	-0.39	3.657	3.657	13	1	"yes"	"<50 %"	"YES"	3	6	"M1"	1	2	"C3"	4	3	0.372772701	"0.41"	"1.93"	"0"	"0.4"	"0.03"	599	68
"TCGA-DX-A3LT"	"DDLPS"	"dedifferentiated liposarcoma"	62	"MALE"	"No"	"Upper Extremity - Upper arm/elbow"	"20"	"unk"	"R0"	"YES"	"NO"	"WITH TUMOR"	"Alive"	"0"	1492	"YES"	"568"	"Relapse"	568	"NA"	"Locoregional Recurrence"	"568"	"NA"	"NA"	"NA"	"NA"	"NA"	25	0.012	3.657	3.657	3.657	3.657	2	0	"no"	"<50 %"	"NO"	2	3	"M4"	1	2	"C3"	1	3	0.321057192	"0.77"	"1.79"	"0"	"0.75"	"0.48"	437	40
"TCGA-DX-A3LU"	"DDLPS"	"dedifferentiated liposarcoma"	60	"MALE"	"No"	"Retroperitoneum/Upper abdominal - Retroperitoneum"	"19"	"deep"	"R1"	"YES"	"NO"	"TUMOR FREE"	"Alive"	"0"	2641	"YES"	"290"	"Relapse"	290	"Complete Response"	"Locoregional Recurrence"	"290"	"NA"	"NA"	"NA"	"NA"	"NA"	19	-0.063	3.657	0.012	3.657	3.657	1	0	"no"	"<50 %"	"NO"	2	2	"M1"	1	2	"C3"	1	3	0.443005207	"0.42"	"2.09"	"0"	"0.44"	"0.04"	246	49
"TCGA-DX-A3LW"	"DDLPS"	"dedifferentiated liposarcoma"	43	"MALE"	"No"	"Retroperitoneum/Upper abdominal - Retroperitoneum"	"17"	"deep"	"R1"	"NO"	"NO"	"WITH TUMOR"	"Alive"	"0"	4150	"YES"	"1125"	"Relapse"	1125	"NA"	"Locoregional Recurrence"	"1125"	"NA"	"NA"	"NA"	"NA"	"NA"	19	0.122	3.657	3.657	3.657	0.099	4	1	"yes"	"<50 %"	"NO"	2	2	"M1"	1	2	"C4"	4	2	0.065996477	"0.9"	"1.99"	"0"	"0.9"	"0.1"	336	50
"TCGA-DX-A3LY"	"DDLPS"	"dedifferentiated liposarcoma"	66	"MALE"	"No"	"Retroperitoneum/Upper abdominal - Retroperitoneum"	"18.2"	"deep"	"R0"	"NO"	"NO"	"TUMOR FREE"	"Alive"	"0"	1017	"NO"	"NA"	"Non-Relapse"	1017	"Complete Response"	"NA"	"NA"	"NA"	"NA"	"NA"	"NA"	"NA"	25	-0.249	3.657	3.657	3.657	3.657	7	0	"no"	"<50 %"	"NO"	2	3	"M1"	1	2	"C5"	4	3	0.270103936	"0.59"	"3.83"	"1"	"0.73"	"0.18"	699	69
"TCGA-DX-A3M1"	"DDLPS"	"dedifferentiated liposarcoma"	79	"MALE"	"No"	"Retroperitoneum/Upper abdominal - Retroperitoneum"	"17"	"deep"	"R2"	"NO"	"NO"	"WITH TUMOR"	"Alive"	"0"	1359	"YES"	"1212"	"Relapse"	1212	"Progressive Disease"	"Locoregional Recurrence"	"1212"	"NA"	"NA"	"NA"	"NA"	"NA"	25	3.657	3.657	3.657	3.657	3.657	3	1	"yes"	"<50 %"	"YES"	2	3	"M4"	1	2	"C4"	4	2	0.098334331	"0.8"	"3.68"	"1"	"0.88"	"0.15"	1505	87
"TCGA-DX-A3M2"	"UPS"	"undifferentiated pleomorphic sarcoma"	59	"MALE"	"Yes"	"Retroperitoneum/Upper abdominal - Retroperitoneum"	"10"	"deep"	"R1"	"NO"	"NO"	"WITH TUMOR"	"Alive"	"0"	1055	"NO"	"NA"	"Non-Relapse"	1055	"Complete Response"	"NA"	"NA"	"NA"	"NA"	"NA"	"NA"	"NA"	2	0.514	0.176	0.176	0.176	0.176	1	1	"yes"	"<50 %"	"NO"	2	6	"M1"	1	2	"C3"	1	3	0.586281934	"0.24"	"3.34"	"1"	"0.34"	"0.39"	171	125
"TCGA-DX-A3U5"	"DDLPS"	"dedifferentiated liposarcoma"	52	"MALE"	"No"	"Retroperitoneum/Upper abdominal - Retroperitoneum"	"10.6"	"deep"	"R1"	"NO"	"NO"	"TUMOR FREE"	"Alive"	"0"	969	"NO"	"NA"	"Non-Relapse"	969	"Complete Response"	"NA"	"NA"	"NA"	"NA"	"NA"	"NA"	"NA"	25	-0.036	3.657	3.657	3.657	3.657	7	1	"yes"	"<50 %"	"NO"	2	3	"M1"	1	2	"C4"	4	3	0.359960129	"0.62"	"2.0299999999999998"	"0"	"0.63"	"0.02"	477	43
"TCGA-DX-A3U6"	"DDLPS"	"dedifferentiated liposarcoma"	63	"FEMALE"	"No"	"Retroperitoneum/Upper abdominal - Retroperitoneum"	"8.5"	"deep"	"R0"	"NO"	"NO"	"WITH TUMOR"	"Dead"	"1"	1088	"YES"	"160"	"Relapse"	160	"Progressive Disease"	"Locoregional Recurrence"	"160"	"NA"	"NA"	"NA"	"NA"	"NA"	23	3.463	3.657	3.06699999999999	3.657	3.657	5	0	"no"	"<50 %"	"NO"	2	2	"M1"	1	2	"C3"	4	3	0.726627402	"1"	"2.02"	"0"	"1"	"0.01"	162	11
"TCGA-DX-A3U7"	"STLMS"	"leiomyosarcoma - soft tissue"	67	"MALE"	"No"	"Lower Extremity - Thigh/knee"	"9.1999999999999993"	"unk"	"R0"	"NO"	"NO"	"WITH TUMOR"	"Dead"	"1"	1552	"YES"	"349"	"Relapse"	349	"Progressive Disease"	"NA"	"NA"	"Distant Metastasis"	"Lung"	"349"	"No Major Vessel Involvement"	"NA"	2	-0.057	-0.051	-0.051	-0.051	-0.051	12	1	"yes"	"<50 %"	"NO"	2	6	"M3"	3	1	"C1"	3	1	0.043691669	"0.86"	"3.21"	"1"	"0.91"	"0.2"	307	41
"TCGA-DX-A3U8"	"UPS"	"undifferentiated pleomorphic sarcoma"	43	"MALE"	"No"	"Lower abdominal/Pelvic - Spermatic Cord"	"4.5"	"deep"	"R0"	"NO"	"NO"	"WITH TUMOR"	"Dead"	"1"	138	"YES"	"128"	"Relapse"	128	"Progressive Disease"	"NA"	"NA"	"Distant Metastasis"	"Lung"	"128"	"No Major Vessel Involvement"	"NA"	2	-0.012	-0.00699999999999999	-0.00699999999999999	-0.00699999999999999	-0.00699999999999999	4	1	"yes"	"<50 %"	"YES"	2	6	"M1"	1	2	"C2"	4	5	0.598683358	"0.42"	"2.23"	"0"	"0.45"	"0"	32	49
"TCGA-DX-A3U9"	"STLMS"	"leiomyosarcoma - soft tissue"	84	"MALE"	"No"	"Lower abdominal/Pelvic - Other (please specify"	"6.4"	"deep"	"R1"	"NO"	"NO"	"WITH TUMOR"	"Dead"	"1"	456	"YES"	"203"	"Relapse"	203	"Progressive Disease"	"Locoregional Recurrence"	"203"	"Distant Metastasis"	"Pelvis"	"336"	"No Major Vessel Involvement"	"NA"	2	0.079	0.072	0.072	0.072	0.072	10	0	"no"	"<50 %"	"NA"	2	1	"M1"	3	1	"C1"	3	1	0.049590243	"0.91"	"1.78"	"0"	"0.91"	"0.28999999999999998"	161	96
"TCGA-DX-A3UA"	"STLMS"	"leiomyosarcoma - soft tissue"	47	"FEMALE"	"No"	"Lower Extremity - Foot/ankle"	"4.5"	"deep"	"R0"	"NO"	"NO"	"WITH TUMOR"	"Dead"	"1"	325	"NO"	"NA"	"Relapse"	325	"Complete Response"	"NA"	"NA"	"NA"	"NA"	"NA"	"No Major Vessel Involvement"	"NA"	2	0.023	0.02	0.02	0.02	0.02	7	0	"no"	"<50 %"	"NO"	2	5	"M4"	2	2	"C5"	2	5	0.106634167	"0.87"	"1.85"	"0"	"0.86"	"0.34"	283	48
"TCGA-DX-A3UB"	"STLMS"	"leiomyosarcoma - soft tissue"	54	"MALE"	"No"	"Retroperitoneum/Upper abdominal - Small Intestines"	"2.7"	"deep"	"R0"	"NO"	"NO"	"TUMOR FREE"	"Alive"	"0"	2247	"NO"	"NA"	"Non-Relapse"	2247	"NA"	"NA"	"NA"	"NA"	"NA"	"NA"	"No Major Vessel Involvement"	"NA"	2	-0.004	-0.003	-0.003	-0.003	-0.003	3	0	"no"	"<50 %"	"NO"	1	2	"M1"	3	1	"C1"	2	1	0.168745397	"0.68"	"1.97"	"0"	"0.67"	"0"	29	56
"TCGA-DX-A3UC"	"STLMS"	"leiomyosarcoma - soft tissue"	37	"FEMALE"	"No"	"Retroperitoneum/Upper abdominal - Retroperitoneum"	"7"	"deep"	"R0"	"NO"	"NO"	"WITH TUMOR"	"Alive"	"0"	2085	"YES"	"176"	"Relapse"	176	"NA"	"NA"	"NA"	"Distant Metastasis"	"Lung"	"176"	"Inferior vena cava"	"NA"	2	-0.95	-0.89	0	0	0	11	1	"yes"	"<50 %"	"NO"	2	4	"M3"	3	1	"C1"	3	1	0.06251683	"0.94"	"1.9"	"0"	"0.93"	"0.02"	102	67
"TCGA-DX-A3UD"	"STLMS"	"leiomyosarcoma - soft tissue"	56	"MALE"	"No"	"Retroperitoneum/Upper abdominal - Kidney"	"8.5"	"deep"	"R0"	"NO"	"NO"	"WITH TUMOR"	"Alive"	"0"	1534	"YES"	"603"	"Relapse"	603	"Progressive Disease"	"Locoregional Recurrence"	"603"	"Distant Metastasis"	"Liver"	"603"	"Renal vein"	"NA"	2	-0.441	-0.416	-0.424	0.019	0.019	12	1	"yes"	"<50 %"	"YES"	2	5	"M3"	3	1	"C1"	3	1	0.056495252	"0.89"	"3.59"	"1"	"0.93"	"0.23"	140	56
"TCGA-DX-A3UE"	"STLMS"	"leiomyosarcoma - soft tissue"	66	"FEMALE"	"No"	"Superficial Trunk - Back"	"6.6"	"unk"	"R0"	"YES"	"NO"	"WITH TUMOR"	"Dead"	"1"	1061	"YES"	"224"	"Relapse"	224	"Progressive Disease"	"NA"	"NA"	"Distant Metastasis"	"Lung"	"224"	"No Major Vessel Involvement"	"NA"	2	-0.038	-0.035	-0.035	-0.035	-0.035	8	1	"yes"	"<50 %"	"NO"	2	4	"M3"	3	1	"C1"	3	1	0.025544344	"0.93"	"1.89"	"0"	"0.93"	"0.1"	115	107
"TCGA-DX-A3UF"	"STLMS"	"leiomyosarcoma - soft tissue"	65	"FEMALE"	"No"	"Retroperitoneum/Upper abdominal - Retroperitoneum"	"3.7"	"deep"	"R1"	"NO"	"YES"	"WITH TUMOR"	"Dead"	"1"	2599	"YES"	"964"	"Relapse"	964	"Progressive Disease"	"Locoregional Recurrence"	"964"	"Distant Metastasis"	"Retroperitoneum"	"964"	"Inferior vena cava"	"NA"	2	-0.237	-0.207	-0.207	-0.207	-0.207	10	1	"yes"	"<50 %"	"YES"	2	5	"M3"	3	1	"C1"	3	1	0.065221285	"0.88"	"1.7"	"0"	"0.86"	"0.36"	167	74
"TCGA-DX-A48J"	"STLMS"	"leiomyosarcoma - soft tissue"	44	"MALE"	"No"	"Retroperitoneum/Upper abdominal - Retroperitoneum"	"22"	"deep"	"R0"	"NO"	"NO"	"WITH TUMOR"	"Dead"	"1"	296	"YES"	"97"	"Relapse"	97	"Progressive Disease"	"Locoregional Recurrence"	"97"	"Distant Metastasis"	"Lung"	"98"	"No Major Vessel Involvement"	"NA"	2	-0.095	-0.085	-0.085	-0.085	-0.085	5	1	"yes"	"<50 %"	"NA"	2	4	"M1"	3	1	"C1"	3	1	0.060385989	"0.89"	"1.88"	"0"	"0.88"	"0.1"	87	36
"TCGA-DX-A48K"	"STLMS"	"leiomyosarcoma - soft tissue"	65	"MALE"	"No"	"Lower Extremity - Lower leg/calf"	"4.0999999999999996"	"unk"	"R0"	"NO"	"NO"	"TUMOR FREE"	"Alive"	"0"	1399	"NO"	"NA"	"Non-Relapse"	1399	"NA"	"NA"	"NA"	"NA"	"NA"	"NA"	"No Major Vessel Involvement"	"NA"	2	-0.13	-0.083	-0.083	-0.083	-0.083	20	0	"no"	"<50 %"	"NO"	2	6	"M4"	1	2	"C2"	5	5	0.290820404	"0.64"	"1.97"	"0"	"0.63"	"0.14000000000000001"	114	47
"TCGA-DX-A48L"	"STLMS"	"leiomyosarcoma - soft tissue"	49	"FEMALE"	"No"	"Lower Extremity - Lower leg/calf"	"6.3"	"unk"	"R0"	"YES"	"NO"	"WITH TUMOR"	"Dead"	"1"	738	"YES"	"316"	"Relapse"	316	"Progressive Disease"	"NA"	"NA"	"Distant Metastasis"	"Lung"	"316"	"No Major Vessel Involvement"	"NA"	2	-0.315	-0.29	-0.29	-0.29	-0.29	7	0	"no"	"<50 %"	"NO"	1	4	"M3"	3	1	"C1"	3	1	0.038236115	"0.92"	"1.91"	"0"	"0.91"	"0.57999999999999996"	213	124
"TCGA-DX-A48N"	"DDLPS"	"dedifferentiated liposarcoma"	47	"MALE"	"No"	"Retroperitoneum/Upper abdominal - Retroperitoneum"	"13"	"deep"	"R1"	"NO"	"NO"	"TUMOR FREE"	"Alive"	"0"	1073	"NO"	"NA"	"Non-Relapse"	1073	"NA"	"NA"	"NA"	"NA"	"NA"	"NA"	"NA"	"NA"	19	-0.045	3.657	-0.032	3.657	3.657	2	0	"no"	"<50 %"	"YES"	2	3	"M1"	2	2	"C4"	2	2	0.057938787	"0.82"	"4.1900000000000004"	"1"	"0.9"	"0.12"	360	101
"TCGA-DX-A48O"	"STLMS"	"leiomyosarcoma - soft tissue"	63	"FEMALE"	"No"	"Retroperitoneum/Upper abdominal - Retroperitoneum"	"17"	"deep"	"R0"	"NO"	"NO"	"TUMOR FREE"	"Alive"	"0"	1605	"NO"	"NA"	"Non-Relapse"	1605	"NA"	"NA"	"NA"	"NA"	"NA"	"NA"	"No Major Vessel Involvement"	"NA"	2	-0.004	-0.003	-0.003	-0.003	-0.003	1	1	"yes"	"<50 %"	"NO"	2	4	"M3"	3	1	"C1"	3	1	0.062701439	"0.92"	"1.81"	"0"	"0.91"	"0"	107	121
"TCGA-DX-A48P"	"STLMS"	"leiomyosarcoma - soft tissue"	54	"FEMALE"	"No"	"Retroperitoneum/Upper abdominal - Retroperitoneum"	"4.2"	"deep"	"R0"	"NO"	"NO"	"TUMOR FREE"	"Alive"	"0"	1400	"NO"	"NA"	"Non-Relapse"	1400	"Complete Response"	"NA"	"NA"	"NA"	"NA"	"NA"	"No Major Vessel Involvement"	"NA"	2	-0.006	-0.005	-0.005	-0.005	-0.005	2	0	"no"	"<50 %"	"NO"	1	4	"M3"	3	1	"C1"	3	1	0.089418993	"0.87"	"1.86"	"0"	"0.86"	"0.18"	77	114
"TCGA-DX-A48R"	"STLMS"	"leiomyosarcoma - soft tissue"	41	"MALE"	"No"	"Retroperitoneum/Upper abdominal - Retroperitoneum"	"18"	"deep"	"R1"	"NO"	"NO"	"WITH TUMOR"	"Alive"	"0"	805	"YES"	"315"	"Relapse"	315	"Progressive Disease"	"Locoregional Recurrence"	"315"	"Distant Metastasis"	"Liver"	"315"	"Pelvic vein,common,external, or iliac"	"NA"	1	-0.862	-0.837	-0.825	-0.825	-0.825	2	0	"no"	"<50 %"	"NO"	1	4	"M3"	3	1	"C1"	3	1	0.028139072	"0.97"	"1.82"	"0"	"0.96"	"0.32"	169	76
"TCGA-DX-A48U"	"STLMS"	"leiomyosarcoma - soft tissue"	57	"MALE"	"No"	"Retroperitoneum/Upper abdominal - Retroperitoneum"	"30"	"deep"	"R0"	"NO"	"NO"	"TUMOR FREE"	"Alive"	"0"	3310	"NO"	"NA"	"Non-Relapse"	3310	"NA"	"NA"	"NA"	"NA"	"NA"	"NA"	"No Major Vessel Involvement"	"NA"	2	0.001	0.001	0.001	0.001	0.001	3	1	"yes"	"<50 %"	"NO"	2	4	"M3"	3	1	"C1"	3	1	0.035677364	"0.97"	"1.86"	"0"	"0.97"	"0"	110	59
"TCGA-DX-A6B7"	"STLMS"	"leiomyosarcoma - soft tissue"	55	"MALE"	"No"	"Retroperitoneum/Upper abdominal - Colon"	"11.5"	"deep"	"R0"	"NO"	"YES"	"TUMOR FREE"	"Alive"	"0"	1143	"NO"	"NA"	"Non-Relapse"	1143	"NA"	"NA"	"NA"	"NA"	"NA"	"NA"	"No Major Vessel Involvement"	"NA"	2	0.033	0.032	0.024	0.024	0.024	1	1	"yes"	"<50 %"	"NO"	2	4	"M3"	3	1	"C1"	3	1	0.035328071	"0.95"	"1.87"	"0"	"0.95"	"0"	143	50
"TCGA-DX-A6B9"	"STLMS"	"leiomyosarcoma - soft tissue"	45	"FEMALE"	"No"	"Retroperitoneum/Upper abdominal - Colon"	"15"	"deep"	"R0"	"NO"	"NO"	"TUMOR FREE"	"Alive"	"0"	1138	"NO"	"NA"	"Non-Relapse"	1138	"NA"	"NA"	"NA"	"NA"	"NA"	"NA"	"No Major Vessel Involvement"	"NA"	2	-0.012	-0.01	-0.012	-0.012	-0.012	1	0	"no"	"<50 %"	"NO"	1	4	"M1"	3	1	"C1"	2	1	0.062448188	"0.87"	"1.88"	"0"	"0.87"	"0"	142	27
"TCGA-DX-A6BA"	"STLMS"	"leiomyosarcoma - soft tissue"	53	"FEMALE"	"No"	"Lower abdominal/Pelvic - Pelvic"	"28"	"deep"	"R0"	"NO"	"NO"	"WITH TUMOR"	"Alive"	"0"	2515	"YES"	"408"	"Relapse"	408	"NA"	"Locoregional Recurrence"	"408"	"Distant Metastasis"	"Lung"	"1010"	"No Major Vessel Involvement"	"NA"	1	-0.502	-0.461	-0.461	-0.461	-0.461	28	1	"yes"	"<50 %"	"NO"	3	5	"M3"	3	1	"C1"	3	1	0.070583083	"0.85"	"3.41"	"1"	"0.91"	"0.13"	145	90
"TCGA-DX-A6BB"	"STLMS"	"leiomyosarcoma - soft tissue"	74	"MALE"	"No"	"Lower abdominal/Pelvic - Pelvic"	"19"	"deep"	"R1"	"NO"	"NO"	"WITH TUMOR"	"Alive"	"0"	1105	"NO"	"NA"	"Non-Relapse"	1105	"NA"	"NA"	"NA"	"NA"	"NA"	"NA"	"No Major Vessel Involvement"	"NA"	2	-0.001	-0.001	-0.001	-0.001	-0.001	8	1	"yes"	"<50 %"	"NO"	2	4	"M3"	3	1	"C1"	3	1	0.056585815	"0.91"	"2.16"	"0"	"0.91"	"0.08"	75	62
"TCGA-DX-A6BE"	"DDLPS"	"dedifferentiated liposarcoma"	77	"MALE"	"No"	"Retroperitoneum/Upper abdominal - Retroperitoneum"	"21"	"deep"	"R0"	"NO"	"NO"	"TUMOR FREE"	"Alive"	"0"	881	"NO"	"NA"	"Non-Relapse"	881	"Complete Response"	"NA"	"NA"	"NA"	"NA"	"NA"	"NA"	"NA"	25	3.431	3.657	3.657	3.657	3.657	5	0	"no"	"<50 %"	"NO"	2	2	"M1"	1	2	"C5"	4	3	0.547557958	"0.28999999999999998"	"2.06"	"0"	"0.3"	"0"	249	54
"TCGA-DX-A6BF"	"DDLPS"	"dedifferentiated liposarcoma"	82	"FEMALE"	"No"	"Retroperitoneum/Upper abdominal - Retroperitoneum"	"38.299999999999997"	"deep"	"R1"	"NO"	"NO"	"WITH TUMOR"	"Alive"	"0"	972	"YES"	"947"	"Relapse"	947	"NA"	"Locoregional Recurrence"	"947"	"NA"	"NA"	"NA"	"NA"	"NA"	25	-0.343	3.657	3.657	3.657	3.657	12	1	"yes"	"<50 %"	"YES"	3	3	"M1"	1	2	"C3"	1	3	0.296289534	"0.3"	"5.45"	"2"	"0.54"	"0.14000000000000001"	432	127
"TCGA-DX-A6BG"	"DDLPS"	"dedifferentiated liposarcoma"	51	"MALE"	"No"	"Retroperitoneum/Upper abdominal - Retroperitoneum"	"10.8"	"deep"	"R0"	"NO"	"NO"	"WITH TUMOR"	"Alive"	"0"	1121	"YES"	"149"	"Relapse"	149	"NA"	"Locoregional Recurrence"	"149"	"Distant Metastasis"	"Peritoneum"	"518"	"NA"	"NA"	25	0.057	3.657	3.657	3.657	3.657	5	0	"no"	"<50 %"	"YES"	2	2	"M1"	1	2	"C2"	4	3	0.437185876	"0.25"	"2.13"	"0"	"0.27"	"0.02"	353	55
"TCGA-DX-A6BH"	"DDLPS"	"dedifferentiated liposarcoma"	34	"MALE"	"No"	"Lower abdominal/Pelvic - Pelvic"	"8"	"deep"	"R1"	"NO"	"NO"	"WITH TUMOR"	"Alive"	"0"	821	"YES"	"232"	"Relapse"	232	"NA"	"Locoregional Recurrence"	"232"	"NA"	"NA"	"NA"	"NA"	"NA"	19	-0.012	3.657	-0.013	3.657	3.657	5	0	"no"	"<50 %"	"NO"	2	2	"M1"	1	2	"C3"	4	2	0.191954905	"0.64"	"2.02"	"0"	"0.64"	"0.02"	245	50
"TCGA-DX-A6YQ"	"MFS"	"myxofibrosarcoma"	86	"FEMALE"	"No"	"Lower Extremity - Other (please specify"	"14.5"	"unk"	"R0"	"NO"	"NO"	"TUMOR FREE"	"Dead"	"0"	93	"NO"	"NA"	"Relapse"	93	"NA"	"NA"	"NA"	"NA"	"NA"	"NA"	"NA"	"NA"	2	-0.525	-0.401	-0.401	-0.401	-0.401	21	1	"yes"	"<50 %"	"NO"	3	6	"M4"	1	2	"C2"	1	5	0.25743788	"0.69"	"2.8"	"1"	"0.76"	"0.23"	371	107
"TCGA-DX-A6YR"	"MFS"	"myxofibrosarcoma"	75	"MALE"	"No"	"Chest - Chest wall"	"6"	"deep"	"R0"	"YES"	"NO"	"TUMOR FREE"	"Alive"	"0"	1247	"NO"	"NA"	"Non-Relapse"	1247	"NA"	"NA"	"NA"	"NA"	"NA"	"NA"	"NA"	"NA"	2	0.103	0.103	0.103	0.103	0.103	12	0	"no"	"<50 %"	"NO"	2	1	"M4"	1	2	"NA"	4	3	0.108401776	"NA"	"NA"	"NA"	"NA"	"NA"	642	108
"TCGA-DX-A6YU"	"MFS"	"myxofibrosarcoma"	50	"FEMALE"	"Yes"	"Chest - Chest wall"	"5.5"	"deep"	"R0"	"NO"	"NO"	"TUMOR FREE"	"Alive"	"0"	1045	"NO"	"NA"	"Non-Relapse"	1045	"NA"	"NA"	"NA"	"NA"	"NA"	"NA"	"NA"	"NA"	2	0	0	0	0	0	10	1	"yes"	"<50 %"	"NO"	3	6	"M1"	1	2	"C4"	4	3	0.36077993	"0.51"	"3.24"	"1"	"0.63"	"0.17"	344	48
"TCGA-DX-A6YX"	"MFS"	"myxofibrosarcoma"	68	"FEMALE"	"No"	"Lower Extremity - Thigh/knee"	"9.5"	"superficial"	"R0"	"YES"	"NO"	"WITH TUMOR"	"Dead"	"1"	513	"YES"	"200"	"Relapse"	200	"NA"	"NA"	"NA"	"Distant Metastasis"	"Lung"	"200"	"NA"	"NA"	2	-0.549	-0.484	-0.484	0.634	0.674	15	1	"yes"	"<50 %"	"NO"	3	6	"M4"	1	2	"C2"	5	5	0.102097935	"0.83"	"2.94"	"1"	"0.88"	"0.06"	282	60
"TCGA-DX-A6Z0"	"MFS"	"myxofibrosarcoma"	78	"FEMALE"	"No"	"Lower Extremity - Thigh/knee"	"4.4000000000000004"	"deep"	"R1"	"YES"	"NO"	"TUMOR FREE"	"Dead"	"0"	1953	"NO"	"NA"	"Relapse"	1953	"NA"	"NA"	"NA"	"NA"	"NA"	"NA"	"NA"	"NA"	2	0.235	0.161	0.161	0.161	0.161	11	1	"no"	"<50 %"	"NO"	3	6	"M4"	1	2	"C4"	4	3	0.228730696	"0.56999999999999995"	"3.39"	"2"	"0.69"	"0.32"	201	77
"TCGA-DX-A6Z2"	"STLMS"	"leiomyosarcoma - soft tissue"	82	"FEMALE"	"No"	"Retroperitoneum/Upper abdominal - Retroperitoneum"	"7.2"	"deep"	"R0"	"NO"	"NO"	"WITH TUMOR"	"Alive"	"0"	3079	"YES"	"2659"	"Relapse"	2659	"NA"	"NA"	"NA"	"Distant Metastasis"	"Lung"	"2659"	"Renal vein"	"NA"	2	0.029	0.022	0.022	0.022	0.022	1	1	"yes"	"<50 %"	"NO"	2	4	"M3"	3	1	"C1"	3	1	0.286449173	"0.74"	"1.94"	"0"	"0.73"	"0"	113	97
"TCGA-DX-A7EF"	"UPS"	"undifferentiated pleomorphic sarcoma"	88	"FEMALE"	"No"	"Lower Extremity - Thigh/knee"	"12"	"deep"	"R0"	"YES"	"NO"	"WITH TUMOR"	"Dead"	"1"	648	"YES"	"294"	"Relapse"	294	"NA"	"Locoregional Recurrence"	"511"	"Distant Metastasis"	"Lung"	"294"	"NA"	"NA"	2	-0.306	-0.262	-0.226	-0.226	-0.226	13	1	"yes"	"<50 %"	"NO"	3	6	"M4"	1	2	"C2"	5	5	0.105498443	"0.7"	"4.96"	"2"	"0.85"	"0.25"	537	66
"TCGA-DX-A7EI"	"DDLPS"	"dedifferentiated liposarcoma"	78	"FEMALE"	"No"	"Retroperitoneum/Upper abdominal - Retroperitoneum"	"6"	"deep"	"R1"	"NO"	"YES"	"WITH TUMOR"	"Dead"	"1"	1049	"YES"	"828"	"Relapse"	828	"NA"	"Locoregional Recurrence"	"828"	"NA"	"NA"	"NA"	"NA"	"NA"	25	3.657	3.657	3.657	3.657	3.657	3	0	"no"	"<50 %"	"YES"	2	3	"M5"	2	2	"C2"	2	2	0.062584442	"0.89"	"3.14"	"1"	"0.93"	"0.28000000000000003"	453	56
"TCGA-DX-A7EL"	"STLMS"	"leiomyosarcoma - soft tissue"	56	"FEMALE"	"Yes"	"Retroperitoneum/Upper abdominal - Other (please specify"	"7"	"deep"	"R0"	"NO"	"NO"	"TUMOR FREE"	"Alive"	"0"	2291	"YES"	"2249"	"Relapse"	2249	"Complete Response"	"NA"	"NA"	"Distant Metastasis"	"Lung"	"2249"	"Inferior vena cava"	"NA"	2	-0.977	-0.706	0.008	0.008	0.008	2	1	"yes"	"<50 %"	"NO"	2	4	"M3"	3	1	"C1"	3	1	0.287404969	"0.72"	"2.06"	"0"	"0.73"	"0.08"	143	58
"TCGA-DX-A7EM"	"STLMS"	"leiomyosarcoma - soft tissue"	61	"MALE"	"No"	"Retroperitoneum/Upper abdominal - Retroperitoneum"	"4"	"deep"	"R0"	"NO"	"NO"	"TUMOR FREE"	"Alive"	"0"	1892	"NO"	"NA"	"Non-Relapse"	1892	"NA"	"NA"	"NA"	"NA"	"NA"	"NA"	"No Major Vessel Involvement"	"NA"	1	-0.621	-0.523	-0.523	-0.523	-0.523	11	1	"yes"	"<50 %"	"NO"	2	5	"M3"	3	1	"C1"	3	1	0.103627429	"0.78"	"2.73"	"1"	"0.83"	"0.2"	138	72
"TCGA-DX-A7EN"	"STLMS"	"leiomyosarcoma - soft tissue"	53	"FEMALE"	"No"	"Retroperitoneum/Upper abdominal - Retroperitoneum"	"8"	"deep"	"R0"	"NO"	"YES"	"WITH TUMOR"	"Alive"	"0"	923	"YES"	"352"	"Relapse"	352	"NA"	"NA"	"NA"	"Distant Metastasis"	"Lung"	"352"	"No Major Vessel Involvement"	"NA"	2	0.01	0.01	0.011	0.011	0.011	40	1	"yes"	"<50 %"	"NO"	3	4	"M3"	3	1	"C1"	3	1	0.019830549	"1"	"1.81"	"0"	"1"	"0.11"	140	51
"TCGA-DX-A7EO"	"SS"	"synovial sarcoma"	20	"FEMALE"	"No"	"Superficial Trunk - Flank"	"7.1"	"deep"	"R0"	"YES"	"NO"	"TUMOR FREE"	"Alive"	"0"	4627	"NO"	"NA"	"Non-Relapse"	4627	"NA"	"NA"	"NA"	"NA"	"NA"	"NA"	"NA"	"Positive - SS18-SSX2"	2	0.005	0.004	0.004	0.004	0.004	23	0	"no"	"<50 %"	"NO"	3	2	"M2"	2	2	"NA"	2	4	0.044842346	"0.75"	"1.9"	"0"	"0.74"	"0"	14	37
"TCGA-DX-A7EQ"	"SS"	"synovial sarcoma"	72	"MALE"	"No"	"Lower Extremity - Thigh/knee"	"4.2"	"unk"	"R0"	"YES"	"YES"	"WITH TUMOR"	"Dead"	"1"	897	"YES"	"251"	"Relapse"	251	"NA"	"NA"	"NA"	"Distant Metastasis"	"Lung"	"251"	"NA"	"Positive - SS18-SSX2"	2	0.001	0.001	0.001	0.001	0.001	15	1	"yes"	"<50 %"	"NO"	3	2	"M2"	2	2	"C5"	2	4	0.088291052	"0.92"	"1.99"	"0"	"0.92"	"0.01"	16	61
"TCGA-DX-A7ER"	"SS"	"synovial sarcoma"	69	"MALE"	"No"	"Chest - Lung/pleura"	"20"	"deep"	"R0"	"NO"	"NO"	"TUMOR FREE"	"Dead"	"0"	1466	"NO"	"NA"	"Relapse"	1466	"NA"	"NA"	"NA"	"NA"	"NA"	"NA"	"NA"	"Positive - SS18-SSX2"	2	0.001	0.001	0.001	0.001	0.001	5	1	"yes"	"<50 %"	"NO"	2	2	"M2"	2	2	"C5"	2	4	0.051651885	"NA"	"NA"	"NA"	"NA"	"NA"	30	40
"TCGA-DX-A7ES"	"DDLPS"	"dedifferentiated liposarcoma"	50	"FEMALE"	"No"	"Retroperitoneum/Upper abdominal - Retroperitoneum"	"22"	"deep"	"R0"	"NO"	"NO"	"TUMOR FREE"	"Alive"	"0"	610	"NO"	"NA"	"Non-Relapse"	610	"Complete Response"	"NA"	"NA"	"NA"	"NA"	"NA"	"NA"	"NA"	25	-0.034	3.657	3.657	3.657	3.657	1	1	"yes"	"<50 %"	"YES"	2	2	"M1"	1	2	"C1"	4	3	0.483048209	"NA"	"NA"	"NA"	"NA"	"NA"	177	53
"TCGA-DX-A7ET"	"UPS"	"undifferentiated pleomorphic sarcoma"	71	"MALE"	"Yes"	"Superficial Trunk - Abdominal wall"	"6.4"	"unk"	"R0"	"NO"	"NO"	"TUMOR FREE"	"Alive"	"0"	463	"NO"	"NA"	"Non-Relapse"	463	"Complete Response"	"NA"	"NA"	"NA"	"NA"	"NA"	"NA"	"NA"	2	-0.257	-0.141	-0.141	-0.141	-0.141	11	1	"yes"	"<50 %"	"NO"	3	6	"M4"	1	2	"C2"	1	5	0.440570368	"0.49"	"2.5299999999999998"	"1"	"0.55000000000000004"	"0.23"	199	53
"TCGA-DX-A8BH"	"MFS"	"myxofibrosarcoma"	86	"MALE"	"Yes"	"Superficial Trunk - Abdominal wall"	"9.6999999999999993"	"deep"	"R0"	"NO"	"NO"	"WITH TUMOR"	"Dead"	"1"	439	"YES"	"272"	"Relapse"	272	"Progressive Disease"	"NA"	"NA"	"Distant Metastasis"	"Pleura"	"272"	"NA"	"NA"	3	0.667	0.359	0.359	0.359	0.359	9	1	"yes"	"<50 %"	"NO"	2	6	"M1"	1	2	"C2"	1	5	0.501107181	"0.43"	"3.01"	"1"	"0.53"	"0.13"	272	81
"TCGA-DX-A8BJ"	"UPS"	"undifferentiated pleomorphic sarcoma"	76	"MALE"	"No"	"Chest - Chest wall"	"8.8000000000000007"	"deep"	"R0"	"YES"	"NO"	"TUMOR FREE"	"Dead"	"0"	284	"NO"	"NA"	"Relapse"	284	"NA"	"NA"	"NA"	"NA"	"NA"	"NA"	"NA"	"NA"	4	1.393	2.292	0.171	0.142	0.880999999999999	7	1	"yes"	"<50 %"	"YES"	2	5	"M4"	1	2	"C2"	5	5	0.12678928	"0.78"	"2.96"	"2"	"0.84"	"0.38"	314	92
"TCGA-DX-A8BK"	"UPS"	"undifferentiated pleomorphic sarcoma"	61	"FEMALE"	"No"	"Lower Extremity - Thigh/knee"	"12.9"	"deep"	"R0"	"YES"	"NO"	"TUMOR FREE"	"Alive"	"0"	1885	"NO"	"NA"	"Non-Relapse"	1885	"Complete Response"	"NA"	"NA"	"NA"	"NA"	"NA"	"NA"	"NA"	2	-0.374	-0.201999999999999	-0.201999999999999	-0.201999999999999	-0.201999999999999	2	1	"yes"	"<50 %"	"NO"	2	1	"M4"	1	2	"C3"	1	5	0.410469453	"0.43"	"3.31"	"1"	"0.56000000000000005"	"0.26"	409	39
"TCGA-DX-A8BL"	"MFS"	"myxofibrosarcoma"	59	"MALE"	"No"	"Upper Extremity - Shoulder/axilla"	"5.6"	"deep"	"R0"	"NO"	"NO"	"TUMOR FREE"	"Alive"	"0"	1373	"NO"	"NA"	"Non-Relapse"	1373	"Complete Response"	"NA"	"NA"	"NA"	"NA"	"NA"	"NA"	"NA"	3	0.639	0.436	0.436	0.436	0.436	3	1	"yes"	"<50 %"	"NO"	2	6	"M4"	1	2	"C5"	4	3	0.285613987	"0.56999999999999995"	"3.43"	"1"	"0.7"	"0.18"	460	132
"TCGA-DX-A8BM"	"UPS"	"undifferentiated pleomorphic sarcoma"	60	"MALE"	"No"	"Lower Extremity - Thigh/knee"	"13.5"	"deep"	"R0"	"YES"	"NO"	"TUMOR FREE"	"Alive"	"0"	1456	"NO"	"NA"	"Non-Relapse"	1456	"Complete Response"	"NA"	"NA"	"NA"	"NA"	"NA"	"NA"	"NA"	2	-0.049	-0.049	-0.106	-0.106	-0.106	7	2	"yes"	">50 %"	"NO"	3	6	"M4"	1	2	"C3"	5	3	0.17671916	"NA"	"NA"	"NA"	"NA"	"NA"	727	105
"TCGA-DX-A8BN"	"UPS"	"undifferentiated pleomorphic sarcoma"	78	"FEMALE"	"No"	"Lower Extremity - Thigh/knee"	"10.9"	"deep"	"R1"	"YES"	"NO"	"TUMOR FREE"	"Alive"	"0"	1161	"NO"	"NA"	"Non-Relapse"	1161	"Complete Response"	"NA"	"NA"	"NA"	"NA"	"NA"	"NA"	"NA"	2	-0.376	-0.287	-0.287	-0.287	-0.287	16	1	"yes"	"<50 %"	"NO"	3	1	"M1"	1	2	"C5"	5	3	0.2572005	"0.75"	"2"	"0"	"0.75"	"0.13"	233	56
"TCGA-DX-A8BO"	"UPS"	"undifferentiated pleomorphic sarcoma"	67	"FEMALE"	"No"	"Lower Extremity - Lower leg/calf"	"9"	"deep"	"R1"	"NO"	"NO"	"TUMOR FREE"	"Alive"	"0"	1240	"YES"	"333"	"Relapse"	333	"Complete Response"	"Locoregional Recurrence"	"333"	"NA"	"NA"	"NA"	"NA"	"NA"	2	0.173	0.099	0.14	0.14	0.14	11	1	"yes"	"<50 %"	"NO"	3	5	"M1"	1	2	"C3"	1	3	0.377537384	"0.63"	"1.65"	"0"	"0.57999999999999996"	"0.2"	176	49
"TCGA-DX-A8BR"	"MFS"	"myxofibrosarcoma"	63	"FEMALE"	"No"	"Lower Extremity - Thigh/knee"	"7"	"deep"	"R0"	"YES"	"NO"	"TUMOR FREE"	"Alive"	"0"	4573	"NO"	"NA"	"Non-Relapse"	4573	"Complete Response"	"NA"	"NA"	"NA"	"NA"	"NA"	"NA"	"NA"	2	0.009	0.009	0.009	0.009	0.009	8	1	"yes"	"<50 %"	"NO"	2	5	"M1"	1	2	"C5"	4	3	0.304423824	"NA"	"NA"	"NA"	"NA"	"NA"	824	69
"TCGA-DX-A8BT"	"UPS"	"undifferentiated pleomorphic sarcoma"	63	"FEMALE"	"No"	"Upper Extremity - Shoulder/axilla"	"9.5"	"unk"	"R1"	"YES"	"NO"	"TUMOR FREE"	"Alive"	"0"	1230	"YES"	"668"	"Relapse"	668	"Complete Response"	"Locoregional Recurrence"	"668"	"NA"	"NA"	"NA"	"NA"	"NA"	2	0.009	0.006	0.006	0.006	0.006	12	1	"yes"	"<50 %"	"NO"	3	6	"M1"	1	2	"C3"	4	3	0.221826044	"0.64"	"2.02"	"1"	"0.65"	"0.13"	198	116
"TCGA-DX-A8BU"	"UPS"	"undifferentiated pleomorphic sarcoma"	58	"MALE"	"No"	"Lower Extremity - Thigh/knee"	"12.4"	"deep"	"R1"	"YES"	"YES"	"WITH TUMOR"	"Dead"	"1"	1116	"YES"	"107"	"Relapse"	107	"NA"	"NA"	"NA"	"Distant Metastasis"	"Lung"	"107"	"NA"	"NA"	2	0.013	0.012	-0.013	-0.013	-0.013	8	2	"yes"	">50 %"	"NO"	3	1	"M4"	1	2	"C4"	5	5	0.068167718	"0.93"	"1.73"	"0"	"0.92"	"0.52"	435	110
"TCGA-DX-A8BV"	"MFS"	"myxofibrosarcoma"	57	"MALE"	"No"	"Retroperitoneum/Upper abdominal - Retroperitoneum"	"14.5"	"deep"	"R0"	"YES"	"YES"	"WITH TUMOR"	"Dead"	"1"	1845	"YES"	"357"	"Relapse"	357	"NA"	"Locoregional Recurrence"	"357"	"Distant Metastasis"	"Liver"	"573"	"NA"	"NA"	2	-0.24	-0.157	-0.157	-0.157	-0.157	3	2	"yes"	">50 %"	"NO"	3	1	"M1"	1	2	"C4"	4	3	0.143593754	"0.51"	"3.45"	"1"	"0.64"	"0.19"	214	80
"TCGA-DX-A8BX"	"UPS"	"undifferentiated pleomorphic sarcoma"	52	"MALE"	"No"	"Retroperitoneum/Upper abdominal - Retroperitoneum"	"27.5"	"deep"	"R0"	"NO"	"NO"	"WITH TUMOR"	"Dead"	"1"	591	"NO"	"NA"	"Relapse"	591	"NA"	"NA"	"NA"	"NA"	"NA"	"NA"	"NA"	"NA"	3	0.942	0.650999999999999	0.650999999999999	0.650999999999999	0.650999999999999	11	1	"yes"	"<50 %"	"NO"	3	6	"M1"	1	2	"C5"	4	3	0.2666446	"0.68"	"2.54"	"1"	"0.73"	"0.05"	205	96
"TCGA-DX-A8BZ"	"UPS"	"undifferentiated pleomorphic sarcoma"	78	"FEMALE"	"No"	"Superficial Trunk - Buttock"	"8"	"deep"	"R0"	"NO"	"NO"	"WITH TUMOR"	"Dead"	"1"	200	"YES"	"90"	"Relapse"	90	"NA"	"NA"	"NA"	"Distant Metastasis"	"Lung"	"90"	"No Major Vessel Involvement"	"NA"	2	0.066	0.049	0.049	0.049	0.049	11	1	"yes"	"<50 %"	"NO"	3	5	"M4"	1	2	"NA"	1	5	0.243464362	"0.74"	"1.83"	"0"	"0.73"	"0.22"	130	48
"TCGA-DX-AB2E"	"MFS"	"myxofibrosarcoma"	60	"MALE"	"No"	"Upper Extremity - Shoulder/axilla"	"12.5"	"deep"	"R0"	"NO"	"NO"	"WITH TUMOR"	"Alive"	"0"	541	"YES"	"132"	"Relapse"	132	"Progressive Disease"	"NA"	"NA"	"Distant Metastasis"	"Intercardiac"	"132"	"NA"	"NA"	2	-0.369	-0.268999999999999	-0.268999999999999	-0.268999999999999	-0.268999999999999	21	1	"yes"	"<50 %"	"NO"	3	6	"M3"	1	2	"C2"	5	5	0.29562528	"0.51"	"5.15"	"2"	"0.72"	"0.31"	180	1190
"TCGA-DX-AB2F"	"DDLPS"	"dedifferentiated liposarcoma"	76	"FEMALE"	"No"	"Retroperitoneum/Upper abdominal - Retroperitoneum"	"27"	"deep"	"R0"	"NO"	"NO"	"TUMOR FREE"	"Alive"	"0"	365	"NO"	"NA"	"Non-Relapse"	365	"Complete Response"	"NA"	"NA"	"NA"	"NA"	"NA"	"NA"	"NA"	20	-0.478	3.657	1.519	3.657	3.657	4	1	"yes"	"<50 %"	"NO"	2	3	"M1"	1	2	"C4"	4	2	0.132330084	"0.81"	"1.99"	"0"	"0.81"	"0.27"	510	78
"TCGA-DX-AB2G"	"DDLPS"	"dedifferentiated liposarcoma"	36	"MALE"	"No"	"Retroperitoneum/Upper abdominal - Retroperitoneum"	"36"	"deep"	"R0"	"NO"	"NO"	"TUMOR FREE"	"Alive"	"0"	478	"NO"	"NA"	"Non-Relapse"	478	"Complete Response"	"NA"	"NA"	"NA"	"NA"	"NA"	"NA"	"NA"	25	0.161	3.657	3.657	3.657	3.657	2	1	"yes"	"<50 %"	"YES"	2	2	"M1"	1	2	"C3"	1	3	0.24756068	"NA"	"NA"	"NA"	"NA"	"NA"	295	70
"TCGA-DX-AB2H"	"DDLPS"	"dedifferentiated liposarcoma"	80	"FEMALE"	"Yes"	"Retroperitoneum/Upper abdominal - Retroperitoneum"	"15.1"	"deep"	"R0"	"NO"	"NO"	"TUMOR FREE"	"Alive"	"0"	482	"NO"	"NA"	"Non-Relapse"	482	"Complete Response"	"NA"	"NA"	"NA"	"NA"	"NA"	"NA"	"NA"	25	3.657	3.657	3.657	3.657	3.657	12	1	"yes"	"<50 %"	"YES"	3	2	"M5"	2	2	"C3"	2	2	0.028125533	"0.99"	"1.91"	"0"	"0.99"	"0.16"	406	82
"TCGA-DX-AB2O"	"UPS"	"undifferentiated pleomorphic sarcoma"	78	"FEMALE"	"No"	"Lower Extremity - Lower leg/calf"	"7.5"	"superficial"	"R0"	"NO"	"NO"	"TUMOR FREE"	"Alive"	"0"	2619	"NO"	"NA"	"Non-Relapse"	2619	"Complete Response"	"NA"	"NA"	"NA"	"NA"	"NA"	"NA"	"NA"	1	-0.631	-0.631	-0.542	-0.542	-0.542	21	1	"yes"	"<50 %"	"NO"	3	6	"M4"	1	2	"C5"	5	5	0.062347785	"NA"	"NA"	"NA"	"NA"	"NA"	984	97
"TCGA-DX-AB2P"	"UPS"	"undifferentiated pleomorphic sarcoma"	79	"MALE"	"Yes"	"Lower Extremity - Thigh/knee"	"14"	"deep"	"R0"	"YES"	"NO"	"WITH TUMOR"	"Dead"	"1"	367	"YES"	"161"	"Relapse"	161	"NA"	"Locoregional Recurrence"	"161"	"Distant Metastasis"	"Lung"	"161"	"NA"	"NA"	2	-0.309	-0.252	-0.252	-0.252	-0.252	17	2	"yes"	">50 %"	"NO"	3	1	"M4"	1	2	"C2"	5	5	0.204618733	"0.84"	"1.69"	"0"	"0.82"	"0.75"	275	75
"TCGA-DX-AB2Q"	"UPS"	"undifferentiated pleomorphic sarcoma"	65	"FEMALE"	"No"	"Lower Extremity - Lower leg/calf"	"9"	"deep"	"R0"	"YES"	"NO"	"TUMOR FREE"	"Alive"	"0"	2030	"YES"	"490"	"Relapse"	490	"Complete Response"	"NA"	"NA"	"Distant Metastasis"	"Groin"	"490"	"NA"	"NA"	2	-0.004	-0.003	-0.003	-0.003	-0.003	14	1	"yes"	"<50 %"	"NO"	3	6	"M4"	1	2	"C2"	5	5	0.155509825	"0.6"	"4.5599999999999996"	"2"	"0.78"	"0.26"	392	115
"TCGA-DX-AB2S"	"DDLPS"	"dedifferentiated liposarcoma"	53	"FEMALE"	"No"	"Superficial Trunk - Back"	"7.9"	"deep"	"R0"	"YES"	"NO"	"TUMOR FREE"	"Alive"	"0"	280	"NO"	"NA"	"Non-Relapse"	280	"Complete Response"	"NA"	"NA"	"NA"	"NA"	"NA"	"NA"	"NA"	16	-0.016	-0.016	3.657	3.657	2.331	2	0	"no"	"<50 %"	"NO"	1	2	"M1"	1	2	"C4"	4	3	0.794103913	"NA"	"NA"	"NA"	"NA"	"NA"	119	47
"TCGA-DX-AB2T"	"MFS"	"myxofibrosarcoma"	54	"FEMALE"	"No"	"Lower Extremity - Thigh/knee"	"15"	"deep"	"R0"	"NO"	"NO"	"TUMOR FREE"	"Alive"	"0"	2369	"YES"	"784"	"Relapse"	784	"Complete Response"	"NA"	"NA"	"Distant Metastasis"	"Lung"	"784"	"NA"	"NA"	2	-0.425	-0.333999999999999	-0.342	-0.342	-0.342	21	0	"no"	"<50 %"	"NO"	3	1	"M1"	1	2	"C4"	4	3	0.228340073	"0.65"	"3.52"	"1"	"0.77"	"0.22"	577	94
"TCGA-DX-AB2V"	"MFS"	"myxofibrosarcoma"	81	"MALE"	"No"	"Superficial Trunk - Back"	"6.3"	"superficial"	"R0"	"YES"	"NO"	"TUMOR FREE"	"Alive"	"0"	3241	"NO"	"NA"	"Non-Relapse"	3241	"Complete Response"	"NA"	"NA"	"NA"	"NA"	"NA"	"NA"	"NA"	4	1.123	0.843	0.843	0.843	0.843	20	0	"no"	"<50 %"	"NO"	3	6	"M1"	1	2	"C4"	4	3	0.134046249	"0.78"	"1.78"	"0"	"0.76"	"0.46"	392	134
"TCGA-DX-AB2W"	"UPS"	"undifferentiated pleomorphic sarcoma"	62	"FEMALE"	"Yes"	"Lower Extremity - Thigh/knee"	"7"	"deep"	"R0"	"YES"	"NO"	"TUMOR FREE"	"Alive"	"0"	3238	"NO"	"NA"	"Non-Relapse"	3238	"Complete Response"	"NA"	"NA"	"NA"	"NA"	"NA"	"NA"	"NA"	2	0.345	0.2	0.2	0.204	0.204	11	1	"yes"	"<50 %"	"NO"	3	6	"M1"	1	2	"C1"	1	5	0.405935626	"0.54"	"2.64"	"1"	"0.61"	"0.4"	529	192
"TCGA-DX-AB2X"	"MFS"	"myxofibrosarcoma"	73	"FEMALE"	"Yes"	"Lower Extremity - Lower leg/calf"	"8"	"unk"	"R0"	"NO"	"NO"	"WITH TUMOR"	"Dead"	"1"	404	"YES"	"111"	"Relapse"	111	"NA"	"Locoregional Recurrence"	"111"	"Distant Metastasis"	"Lung"	"218"	"NA"	"NA"	2	-0.072	-0.063	-0.063	-0.063	-0.063	25	1	"yes"	"<50 %"	"NO"	3	6	"M4"	1	2	"C2"	5	5	0.145171865	"0.8"	"2.69"	"1"	"0.84"	"0.28000000000000003"	233	59
"TCGA-DX-AB2Z"	"UPS"	"undifferentiated pleomorphic sarcoma"	87	"FEMALE"	"No"	"Lower Extremity - Thigh/knee"	"6.3"	"deep"	"R0"	"NO"	"NO"	"TUMOR FREE"	"Alive"	"0"	1533	"NO"	"NA"	"Non-Relapse"	1533	"Complete Response"	"NA"	"NA"	"NA"	"NA"	"NA"	"NA"	"NA"	2	-0.126	-0.045	-0.045	-0.045	-0.045	8	1	"yes"	"<50 %"	"NO"	2	6	"M1"	1	2	"C3"	1	5	0.61477606	"0.28000000000000003"	"3.08"	"1"	"0.37"	"0.22"	176	115
"TCGA-DX-AB32"	"UPS"	"undifferentiated pleomorphic sarcoma"	51	"MALE"	"Yes"	"Chest - Chest wall"	"5.4"	"deep"	"R0"	"YES"	"NO"	"TUMOR FREE"	"Alive"	"0"	3102	"NO"	"NA"	"Non-Relapse"	3102	"Complete Response"	"NA"	"NA"	"NA"	"NA"	"NA"	"NA"	"NA"	2	0.023	0.012	0.012	0.012	0.012	18	1	"yes"	"<50 %"	"NO"	3	5	"M1"	1	2	"C3"	4	3	0.475585559	"0.56000000000000005"	"1.7"	"0"	"0.52"	"0.01"	344	355
"TCGA-DX-AB35"	"DDLPS"	"dedifferentiated liposarcoma"	65	"MALE"	"Yes"	"Retroperitoneum/Upper abdominal - Retroperitoneum"	"18.5"	"deep"	"R0"	"NO"	"NO"	"WITH TUMOR"	"Alive"	"0"	928	"YES"	"284"	"Relapse"	284	"Progressive Disease"	"Locoregional Recurrence"	"284"	"NA"	"NA"	"NA"	"NA"	"NA"	23	-0.193	3.615	3.226	3.657	3.657	6	1	"yes"	"<50 %"	"YES"	2	3	"M1"	1	2	"C4"	4	3	0.052872429	"0.85"	"3.36"	"1"	"0.9"	"0.51"	159	69
"TCGA-DX-AB36"	"DDLPS"	"dedifferentiated liposarcoma"	86	"MALE"	"Yes"	"Chest - Chest wall"	"8.1"	"deep"	"R1"	"NO"	"NO"	"[Unknown]"	"Dead"	"NA"	1825	"NO"	"NA"	"Relapse"	1825	"NA"	"NA"	"NA"	"NA"	"NA"	"NA"	"NA"	"NA"	25	-0.009	3.657	3.657	3.657	3.657	11	0	"no"	"<50 %"	"NO"	2	2	"M1"	1	2	"C2"	5	3	0.102806277	"0.99"	"2.04"	"0"	"0.99"	"0.08"	339	39
"TCGA-DX-AB37"	"DDLPS"	"dedifferentiated liposarcoma"	73	"FEMALE"	"Yes"	"Lower Extremity - Thigh/knee"	"17"	"deep"	"R0"	"NO"	"NO"	"[Unknown]"	"Dead"	"NA"	2575	"NO"	"NA"	"Relapse"	2575	"NA"	"NA"	"NA"	"NA"	"NA"	"NA"	"NA"	"NA"	19	-0.009	-0.005	3.657	3.657	3.657	12	1	"yes"	"<50 %"	"NO"	3	3	"M1"	1	2	"C3"	1	3	0.385340456	"0.56999999999999995"	"2.16"	"0"	"0.57999999999999996"	"0.06"	376	91
"TCGA-DX-AB3A"	"DDLPS"	"dedifferentiated liposarcoma"	80	"MALE"	"Yes"	"Retroperitoneum/Upper abdominal - Retroperitoneum"	"1.2"	"deep"	"R0"	"NO"	"NO"	"WITH TUMOR"	"Dead"	"1"	978	"YES"	"533"	"Relapse"	533	"NA"	"Locoregional Recurrence"	"533"	"Distant Metastasis"	"Lung"	"785"	"NA"	"NA"	25	0.055	3.657	3.657	3.657	3.657	23	1	"yes"	"<50 %"	"NO"	3	3	"M1"	1	2	"C4"	4	2	0.05893163	"0.87"	"2.0699999999999998"	"0"	"0.88"	"0.13"	545	61
"TCGA-DX-AB3B"	"SS"	"synovial sarcoma"	28	"FEMALE"	"No"	"Lower Extremity - Foot/ankle"	"10.5"	"deep"	"R0"	"NO"	"YES"	"TUMOR FREE"	"Alive"	"0"	1548	"NO"	"NA"	"Non-Relapse"	1548	"Complete Response"	"NA"	"NA"	"NA"	"NA"	"NA"	"NA"	"Positive - SS18-SSX1"	2	0	0	0	0	0	4	1	"yes"	"<50 %"	"NO"	2	2	"M2"	2	2	"C4"	2	4	0.060715317	"0.73"	"1.94"	"0"	"0.73"	"0.04"	75	42
"TCGA-DX-AB3C"	"SS"	"synovial sarcoma"	27	"MALE"	"No"	"Lower Extremity - Thigh/knee"	"7.1"	"deep"	"R0"	"YES"	"YES"	"WITH TUMOR"	"Alive"	"0"	2169	"YES"	"567"	"Relapse"	567	"Progressive Disease"	"Locoregional Recurrence"	"1857"	"Distant Metastasis"	"Lung"	"567"	"NA"	"Positive - SS18-SSX2"	2	0.003	0.003	0.003	0.003	0.003	30	1	"yes"	"<50 %"	"NO"	3	2	"M2"	2	2	"C5"	2	4	0.044684113	"0.98"	"1.9"	"0"	"0.98"	"0"	99	27
"TCGA-FX-A2QS"	"DDLPS"	"dedifferentiated liposarcoma"	61	"FEMALE"	"No"	"Retroperitoneum/Upper abdominal - Other (please specify"	"11.5"	"deep"	"R0"	"NO"	"NO"	"TUMOR FREE"	"Alive"	"0"	1495	"NO"	"NA"	"Non-Relapse"	1495	"NA"	"NA"	"NA"	"NA"	"NA"	"NA"	"NA"	"NA"	25	3.657	3.657	3.657	3.657	3.657	30	1	"yes"	"<50 %"	"NO"	3	3	"M5"	2	2	"C5"	2	2	0.067129828	"0.88"	"3.26"	"1"	"0.93"	"0.13"	1041	93
"TCGA-FX-A3NJ"	"STLMS"	"leiomyosarcoma - soft tissue"	54	"MALE"	"No"	"Retroperitoneum/Upper abdominal - Kidney"	"7"	"deep"	"R0"	"[Unknown]"	"[Unknown]"	"TUMOR FREE"	"Alive"	"0"	947	"NO"	"NA"	"Non-Relapse"	947	"Complete Response"	"NA"	"NA"	"NA"	"NA"	"NA"	"No Major Vessel Involvement"	"NA"	2	-0.152	-0.14	-0.14	-0.14	-0.14	5	0	"no"	"<50 %"	"NO"	1	4	"M1"	3	1	"C1"	3	1	0.058842777	"0.92"	"1.92"	"0"	"0.92"	"0.04"	52	41
"TCGA-FX-A3NK"	"DDLPS"	"dedifferentiated liposarcoma"	53	"MALE"	"Yes"	"Retroperitoneum/Upper abdominal - Gastric"	"8.5"	"deep"	"R0"	"NO"	"NO"	"[Unknown]"	"Alive"	"0"	505	"NO"	"NA"	"Non-Relapse"	505	"NA"	"NA"	"NA"	"NA"	"NA"	"NA"	"NA"	"NA"	19	-0.049	3.657	-0.003	3.657	3.657	1	0	"no"	"<50 %"	"YES"	2	3	"M1"	1	2	"NA"	4	2	0.168593368	"0.67"	"2.0299999999999998"	"0"	"0.67"	"0.04"	363	49
"TCGA-FX-A3RE"	"ULMS"	"leiomyosarcoma - gynecologic"	65	"FEMALE"	"No"	"Gynecological - Ovary"	"20"	"deep"	"RX"	"NO"	"YES"	"TUMOR FREE"	"Alive"	"0"	660	"NO"	"NA"	"Non-Relapse"	660	"Complete Response"	"NA"	"NA"	"NA"	"NA"	"NA"	"[Unknown]"	"NA"	2	0.026	0.023	0.023	0.023	0.023	12	1	"yes"	"<50 %"	"YES"	2	5	"M5"	2	2	"C1"	2	2	0.119606099	"0.88"	"1.89"	"0"	"0.87"	"0.19"	173	166
"TCGA-FX-A3TO"	"UPS"	"undifferentiated pleomorphic sarcoma"	87	"MALE"	"No"	"Retroperitoneum/Upper abdominal - Retroperitoneum"	"13.7"	"deep"	"R1"	"NO"	"NO"	"TUMOR FREE"	"Alive"	"0"	618	"NO"	"NA"	"Non-Relapse"	618	"Complete Response"	"NA"	"NA"	"NA"	"NA"	"NA"	"NA"	"NA"	2	-0.056	-0.049	0.136999999999999	0.136999999999999	0.136999999999999	8	1	"yes"	"<50 %"	"NO"	2	6	"M4"	1	2	"C5"	5	3	0.099464701	"0.77"	"4.16"	"2"	"0.87"	"0.2"	844	95
"TCGA-FX-A48G"	"ULMS"	"leiomyosarcoma - gynecologic"	56	"FEMALE"	"No"	"Gynecological - Uterus"	"13"	"deep"	"RX"	"NO"	"YES"	"WITH TUMOR"	"Dead"	"1"	605	"YES"	"168"	"Relapse"	168	"Progressive Disease"	"NA"	"NA"	"Distant Metastasis"	"Lung"	"168"	"No Major Vessel Involvement"	"NA"	2	0.009	0.009	0.009	0.009	0.009	7	0	"no"	"<50 %"	"YES"	2	5	"M5"	1	1	"NA"	2	1	0.064890727	"0.91"	"1.75"	"0"	"0.9"	"0.11"	285	48
"TCGA-FX-A76Y"	"ULMS"	"leiomyosarcoma - gynecologic"	49	"FEMALE"	"No"	"Gynecological - Uterus"	"10"	"deep"	"R0"	"NO"	"NO"	"TUMOR FREE"	"Alive"	"0"	471	"NO"	"NA"	"Non-Relapse"	471	"Complete Response"	"NA"	"NA"	"NA"	"NA"	"NA"	"No Major Vessel Involvement"	"NA"	2	0.004	0.004	0.004	0.004	0.004	8	1	"yes"	"<50 %"	"NO"	2	4	"M1"	3	1	"NA"	3	1	0.058466907	"0.91"	"1.9"	"0"	"0.91"	"0.01"	117	50
"TCGA-FX-A8OO"	"SS"	"synovial sarcoma"	31	"FEMALE"	"No"	"Chest - Lung/pleura"	"15.2"	"deep"	"R0"	"NO"	"YES"	"TUMOR FREE"	"Dead"	"0"	245	"NO"	"NA"	"Relapse"	245	"Complete Response"	"NA"	"NA"	"NA"	"NA"	"NA"	"NA"	"Positive - SS18-SSX2"	2	0	0	0	0	0	31	1	"yes"	"<50 %"	"NO"	3	2	"M2"	2	2	"NA"	2	4	0.049304373	"0.92"	"2.04"	"0"	"0.92"	"0"	10	61
"TCGA-HB-A2OT"	"UPS"	"undifferentiated pleomorphic sarcoma"	78	"FEMALE"	"No"	"Lower Extremity - Thigh/knee"	"3.5"	"unk"	"R0"	"YES"	"NO"	"TUMOR FREE"	"Alive"	"0"	2057	"NO"	"NA"	"Non-Relapse"	2057	"NA"	"NA"	"NA"	"NA"	"NA"	"NA"	"NA"	"NA"	2	0	0	0	0	0	28	1	"yes"	"<50 %"	"NO"	3	1	"M1"	1	2	"NA"	5	5	0.559988347	"0.46"	"1.71"	"0"	"0.42"	"0.65"	121	100
"TCGA-HB-A3L4"	"ULMS"	"leiomyosarcoma - gynecologic"	46	"FEMALE"	"No"	"Gynecological - Uterus|Gynecological - Cervix"	"18"	"deep"	"R0"	"NO"	"YES"	"WITH TUMOR"	"Dead"	"1"	1061	"YES"	"326"	"Relapse"	326	"Progressive Disease"	"NA"	"NA"	"Distant Metastasis"	"Lung"	"326"	"No Major Vessel Involvement"	"NA"	2	0.02	0.019	0.019	0.019	0.019	90	1	"yes"	"<50 %"	"NO"	3	4	"M5"	3	1	"C1"	3	1	0.026763272	"0.98"	"1.85"	"0"	"0.98"	"0.01"	280	52
"TCGA-HB-A3YV"	"DDLPS"	"dedifferentiated liposarcoma"	75	"MALE"	"No"	"Retroperitoneum/Upper abdominal - Kidney"	"14"	"deep"	"R1"	"YES"	"NO"	"WITH TUMOR"	"Dead"	"1"	139	"NO"	"NA"	"Relapse"	139	"NA"	"NA"	"NA"	"NA"	"NA"	"NA"	"NA"	"NA"	20	0.278	3.657	0.268	3.657	3.657	21	1	"yes"	"<50 %"	"NO"	3	3	"M1"	2	2	"C4"	2	2	0.040703819	"0.88"	"3.5"	"1"	"0.93"	"0.14000000000000001"	634	69
"TCGA-HB-A43Z"	"ULMS"	"leiomyosarcoma - gynecologic"	58	"FEMALE"	"Yes"	"Gynecological - Uterus"	"10"	"deep"	"R0"	"YES"	"YES"	"WITH TUMOR"	"Alive"	"0"	1126	"YES"	"894"	"Relapse"	894	"NA"	"NA"	"NA"	"Distant Metastasis"	"Lung"	"894"	"No Major Vessel Involvement"	"NA"	2	0.449	0.043	0.043	0.043	0.043	21	1	"yes"	"<50 %"	"NO"	3	5	"M5"	3	1	"C1"	3	1	0.041074484	"0.92"	"2.8"	"1"	"0.94"	"0.32"	437	94
"TCGA-HB-A5W3"	"STLMS"	"leiomyosarcoma - soft tissue"	58	"FEMALE"	"Yes"	"Retroperitoneum/Upper abdominal - Kidney"	"26"	"deep"	"R0"	"NO"	"YES"	"WITH TUMOR"	"Dead"	"1"	384	"NO"	"NA"	"Relapse"	384	"NA"	"NA"	"NA"	"NA"	"NA"	"NA"	"No Major Vessel Involvement"	"NA"	1	-0.904	-0.78	-0.78	-0.78	-0.78	3	0	"no"	"<50 %"	"NO"	1	5	"M3"	3	1	"C1"	3	1	0.109631632	"0.86"	"1.74"	"0"	"0.84"	"0.16"	158	45
"TCGA-HS-A5N7"	"STLMS"	"leiomyosarcoma - soft tissue"	67	"FEMALE"	"No"	"Retroperitoneum/Upper abdominal - Retroperitoneum"	"9.1999999999999993"	"deep"	"R0"	"YES"	"NO"	"TUMOR FREE"	"Alive"	"0"	1013	"NO"	"NA"	"Non-Relapse"	1013	"Complete Response"	"NA"	"NA"	"NA"	"NA"	"NA"	"No Major Vessel Involvement"	"NA"	1	-1.009	-0.834	-0.834	-0.834	-0.834	6	1	"yes"	"<50 %"	"NO"	2	5	"M3"	3	1	"C1"	3	1	0.124813141	"0.82"	"1.73"	"0"	"0.8"	"0.02"	135	47
"TCGA-HS-A5N8"	"ULMS"	"leiomyosarcoma - gynecologic"	69	"FEMALE"	"No"	"Gynecological - Uterus"	"10"	"deep"	"R2"	"NO"	"NO"	"[Unknown]"	"Dead"	"NA"	22	"NO"	"NA"	"Relapse"	22	"Partial Response"	"NA"	"NA"	"NA"	"NA"	"NA"	"[Unknown]"	"NA"	3	0.628	0.504	0.504	0.504	0.504	6	1	"yes"	"<50 %"	"NO"	2	5	"M5"	2	2	"C5"	2	2	0.135011051	"0.74"	"2.85"	"1"	"0.8"	"0.4"	163	61
"TCGA-IE-A3OV"	"STLMS"	"leiomyosarcoma - soft tissue"	42	"MALE"	"No"	"Lower Extremity - Thigh/knee"	"10.5"	"unk"	"R0"	"NO"	"YES"	"WITH TUMOR"	"Dead"	"1"	2448	"YES"	"1371"	"Relapse"	1371	"Progressive Disease"	"Locoregional Recurrence"	"1371"	"Distant Metastasis"	"Lung"	"490"	"No Major Vessel Involvement"	"NA"	2	-0.004	-0.003	-0.003	-0.003	-0.003	15	1	"yes"	"<50 %"	"NO"	2	5	"M3"	3	1	"C1"	3	1	0.118665365	"0.78"	"3.1"	"1"	"0.84"	"0.04"	320	60
"TCGA-IE-A4EH"	"ULMS"	"leiomyosarcoma - gynecologic"	35	"FEMALE"	"No"	"Gynecological - Uterus"	"4.9000000000000004"	"deep"	"R0"	"NO"	"YES"	"TUMOR FREE"	"Alive"	"0"	819	"NO"	"NA"	"Non-Relapse"	819	"Complete Response"	"NA"	"NA"	"NA"	"NA"	"NA"	"[Unknown]"	"NA"	1	-0.904	-0.834	-0.834	-0.834	-0.834	16	1	"yes"	"<50 %"	"NO"	2	4	"M5"	3	1	"C1"	3	1	0.025302936	"0.92"	"1.83"	"0"	"0.91"	"0.02"	154	30
"TCGA-IE-A4EI"	"STLMS"	"leiomyosarcoma - soft tissue"	67	"FEMALE"	"No"	"Lower Extremity - Thigh/knee"	"6.5"	"unk"	"R0"	"NO"	"NO"	"[Unknown]"	"Alive"	"0"	594	"NO"	"NA"	"Non-Relapse"	594	"NA"	"NA"	"NA"	"NA"	"NA"	"NA"	"No Major Vessel Involvement"	"NA"	2	-0.012	-0.011	-0.011	-0.011	-0.011	12	0	"no"	"<50 %"	"NO"	2	6	"M3"	3	1	"NA"	3	1	0.022121793	"0.93"	"2.42"	"1"	"0.94"	"0.17"	88	40
"TCGA-IE-A4EJ"	"UPS"	"undifferentiated pleomorphic sarcoma"	84	"FEMALE"	"No"	"Lower Extremity - Thigh/knee"	"8.5"	"deep"	"R1"	"[Unknown]"	"[Unknown]"	"[Unknown]"	"Alive"	"0"	98	"NO"	"NA"	"Non-Relapse"	98	"Complete Response"	"NA"	"NA"	"NA"	"NA"	"NA"	"NA"	"NA"	2	-0.412	-0.259	-0.71	0.288	0.288	5	0	"no"	"<50 %"	"NO"	2	6	"M1"	1	2	"C5"	4	3	0.324223236	"0.55000000000000004"	"2.92"	"1"	"0.64"	"0.32"	278	79
"TCGA-IE-A4EK"	"STLMS"	"leiomyosarcoma - soft tissue"	54	"MALE"	"No"	"Retroperitoneum/Upper abdominal - Kidney"	"6.5"	"deep"	"R1"	"[Unknown]"	"[Unknown]"	"[Unknown]"	"Alive"	"0"	42	"NO"	"NA"	"Non-Relapse"	42	"Complete Response"	"NA"	"NA"	"NA"	"NA"	"NA"	"Renal vein"	"NA"	2	-0.009	-0.008	-0.008	-0.008	-0.008	3	0	"no"	"<50 %"	"NO"	1	4	"M3"	3	1	"C1"	3	1	0.016903945	"0.96"	"1.94"	"0"	"0.96"	"0.02"	41	27
"TCGA-IE-A6BZ"	"MFS"	"myxofibrosarcoma"	65	"FEMALE"	"No"	"Superficial Trunk - Buttock"	"19"	"deep"	"R0"	"NO"	"YES"	"[Unknown]"	"Alive"	"0"	605	"NO"	"NA"	"Non-Relapse"	605	"NA"	"NA"	"NA"	"NA"	"NA"	"NA"	"NA"	"NA"	2	-0.4	-0.371	-0.371	-0.371	-0.371	15	1	"yes"	"<50 %"	"NO"	3	6	"M4"	1	2	"C4"	5	5	0.056031021	"0.9"	"2.8"	"1"	"0.93"	"0.1"	224	83
"TCGA-IF-A4AJ"	"STLMS"	"leiomyosarcoma - soft tissue"	80	"MALE"	"No"	"Lower Extremity - Lower leg/calf"	"10"	"deep"	"R0"	"NO"	"NO"	"WITH TUMOR"	"Dead"	"1"	767	"YES"	"560"	"Relapse"	560	"NA"	"NA"	"NA"	"Distant Metastasis"	"Lung"	"560"	"No Major Vessel Involvement"	"NA"	1	-0.594	-0.467	-0.467	-0.467	-0.467	12	1	"yes"	"<50 %"	"NO"	2	5	"M3"	3	1	"NA"	3	1	0.186192199	"0.7"	"2.86"	"1"	"0.77"	"0.05"	110	62
"TCGA-IS-A3K6"	"ULMS"	"leiomyosarcoma - gynecologic"	55	"FEMALE"	"Yes"	"Gynecological - Uterus"	"8.5"	"deep"	"R2"	"[Unknown]"	"[Unknown]"	"WITH TUMOR"	"Dead"	"1"	858	"NO"	"NA"	"Relapse"	858	"Progressive Disease"	"NA"	"NA"	"NA"	"NA"	"NA"	"No Major Vessel Involvement"	"NA"	2	0	0	0	0.005	0.005	5	0	"no"	"<50 %"	"YES"	2	4	"M3"	3	1	"C1"	3	1	0.110094674	"0.86"	"1.93"	"0"	"0.86"	"0"	126	46
"TCGA-IS-A3K7"	"ULMS"	"leiomyosarcoma - gynecologic"	63	"FEMALE"	"No"	"Gynecological - Uterus"	"10"	"deep"	"R0"	"NO"	"NO"	"TUMOR FREE"	"Alive"	"0"	5204	"YES"	"119"	"Relapse"	119	"NA"	"NA"	"NA"	"Distant Metastasis"	"Lung"	"119"	"No Major Vessel Involvement"	"NA"	2	0.048	0.035	0.0289999999999999	0.0289999999999999	0.0289999999999999	17	0	"no"	"<50 %"	"YES"	2	5	"M1"	1	2	"C2"	1	5	0.312574468	"0.73"	"1.63"	"0"	"0.69"	"0.14000000000000001"	380	137
"TCGA-IW-A3M4"	"ULMS"	"leiomyosarcoma - gynecologic"	48	"FEMALE"	"No"	"Gynecological - Uterus"	"9"	"deep"	"R0"	"NO"	"YES"	"TUMOR FREE"	"Alive"	"0"	2615	"YES"	"2207"	"Relapse"	2207	"Complete Response"	"NA"	"NA"	"NA"	"NA"	"NA"	"No Major Vessel Involvement"	"NA"	2	0.003	0.003	0.003	0.003	0.003	10	1	"yes"	"<50 %"	"NO"	2	4	"M5"	3	1	"C1"	3	1	0.036128261	"0.93"	"1.83"	"0"	"0.92"	"0"	80	41
"TCGA-IW-A3M6"	"ULMS"	"leiomyosarcoma - gynecologic"	59	"FEMALE"	"Yes"	"Gynecological - Uterus"	"13.5"	"deep"	"R0"	"NO"	"YES"	"TUMOR FREE"	"Alive"	"0"	688	"NO"	"NA"	"Non-Relapse"	688	"Complete Response"	"NA"	"NA"	"NA"	"NA"	"NA"	"No Major Vessel Involvement"	"NA"	2	0.007	0.005	0.005	0.005	0.005	6	1	"yes"	"<50 %"	"NO"	2	5	"M5"	3	1	"C1"	4	1	0.182972984	"0.75"	"1.72"	"0"	"0.72"	"0.17"	169	92
"TCGA-JV-A5VE"	"ULMS"	"leiomyosarcoma - gynecologic"	60	"FEMALE"	"No"	"Lower abdominal/Pelvic - Pelvic|Gynecological - Uterus"	"20"	"deep"	"R0"	"NO"	"YES"	"TUMOR FREE"	"Alive"	"0"	499	"NO"	"NA"	"Non-Relapse"	499	"Complete Response"	"NA"	"NA"	"NA"	"NA"	"NA"	"No Major Vessel Involvement"	"NA"	1	-0.996	-0.832	-0.832	-0.832	-0.832	16	1	"yes"	"<50 %"	"NO"	2	4	"M1"	3	1	"C1"	3	1	0.186027458	"0.83"	"1.88"	"0"	"0.82"	"0.12"	272	69
"TCGA-JV-A75J"	"ULMS"	"leiomyosarcoma - gynecologic"	43	"FEMALE"	"No"	"Gynecological - Uterus"	"18"	"deep"	"R2"	"NO"	"YES"	"WITH TUMOR"	"Dead"	"1"	119	"NO"	"NA"	"Relapse"	119	"NA"	"NA"	"NA"	"NA"	"NA"	"NA"	"No Major Vessel Involvement"	"NA"	2	0.014	0.0139999999999999	0.003	0.003	0.003	68	1	"yes"	"<50 %"	"YES"	3	4	"M5"	2	2	"NA"	2	2	0.03854779	"0.99"	"2.02"	"0"	"0.99"	"0.05"	382	48
"TCGA-K1-A3PN"	"ULMS"	"leiomyosarcoma - gynecologic"	64	"FEMALE"	"No"	"Gynecological - Uterus"	"NA"	"deep"	"R0"	"YES"	"YES"	"TUMOR FREE"	"Alive"	"0"	3080	"YES"	"1033"	"Relapse"	1033	"Complete Response"	"NA"	"NA"	"NA"	"NA"	"NA"	"No Major Vessel Involvement"	"NA"	2	-0.034	-0.032	-0.032	-0.032	-0.032	13	0	"no"	"<50 %"	"NO"	2	4	"M3"	3	1	"C1"	3	1	0.041155088	"0.95"	"1.94"	"0"	"0.95"	"0.09"	75	73
"TCGA-K1-A3PO"	"STLMS"	"leiomyosarcoma - soft tissue"	42	"MALE"	"No"	"Lower abdominal/Pelvic - Bladder"	"NA"	"deep"	"R0"	"NO"	"NO"	"TUMOR FREE"	"Alive"	"0"	1622	"NO"	"NA"	"Non-Relapse"	1622	"Complete Response"	"NA"	"NA"	"NA"	"NA"	"NA"	"No Major Vessel Involvement"	"NA"	2	-0.003	-0.001	-0.001	-0.001	-0.001	1	0	"no"	"<50 %"	"NO"	1	2	"M1"	3	1	"C1"	4	3	0.421075875	"0.39"	"1.97"	"0"	"0.38"	"0"	26	23
"TCGA-K1-A42W"	"STLMS"	"leiomyosarcoma - soft tissue"	65	"FEMALE"	"No"	"Retroperitoneum/Upper abdominal - Pancreas"	"3.5"	"deep"	"R0"	"NO"	"NO"	"WITH TUMOR"	"Alive"	"0"	1891	"YES"	"826"	"Relapse"	826	"Progressive Disease"	"NA"	"NA"	"Distant Metastasis"	"Liver"	"826"	"No Major Vessel Involvement"	"NA"	2	-0.04	-0.031	-0.019	-0.019	-0.019	6	1	"yes"	"<50 %"	"NA"	2	5	"M3"	3	1	"C1"	3	1	0.164985463	"0.71"	"2.81"	"1"	"0.78"	"0.12"	114	45
"TCGA-K1-A42X"	"ULMS"	"leiomyosarcoma - gynecologic"	62	"FEMALE"	"No"	"Gynecological - Uterus"	"7"	"deep"	"R0"	"NO"	"YES"	"WITH TUMOR"	"Alive"	"0"	3765	"YES"	"2036"	"Relapse"	2036	"Progressive Disease"	"Locoregional Recurrence"	"2036"	"NA"	"NA"	"NA"	"No Major Vessel Involvement"	"NA"	2	0	0	0	0	0	12	0	"no"	"<50 %"	"NA"	2	4	"M5"	3	1	"C1"	3	1	0.014113615	"0.97"	"1.91"	"0"	"0.97"	"0.04"	204	60
"TCGA-K1-A6RU"	"UPS"	"undifferentiated pleomorphic sarcoma"	66	"FEMALE"	"No"	"Lower Extremity - Thigh/knee"	"NA"	"deep"	"R1"	"YES"	"YES"	"WITH TUMOR"	"Dead"	"1"	711	"YES"	"142"	"Relapse"	142	"Progressive Disease"	"NA"	"NA"	"Distant Metastasis"	"Bone"	"142"	"NA"	"NA"	2	-0.292	-0.292	-0.292	-0.292	-0.292	26	1	"yes"	"<50 %"	"NA"	3	5	"M1"	1	2	"C5"	4	3	0.283386498	"NA"	"NA"	"NA"	"NA"	"NA"	535	43
"TCGA-K1-A6RV"	"STLMS"	"leiomyosarcoma - soft tissue"	67	"MALE"	"No"	"Lower Extremity - Thigh/knee"	"NA"	"unk"	"R1"	"YES"	"NO"	"WITH TUMOR"	"Alive"	"0"	158	"NO"	"NA"	"Non-Relapse"	158	"Progressive Disease"	"NA"	"NA"	"NA"	"NA"	"NA"	"No Major Vessel Involvement"	"NA"	1	-0.568	-0.45	-0.45	-0.45	-0.45	42	2	"yes"	">50 %"	"NO"	3	5	"M4"	1	2	"C2"	5	5	0.26443638	"0.71"	"2.93"	"1"	"0.78"	"0.15"	541	95
"TCGA-KD-A5QS"	"ULMS"	"leiomyosarcoma - gynecologic"	55	"FEMALE"	"No"	"Gynecological - Uterus"	"11"	"deep"	"RX"	"NO"	"YES"	"WITH TUMOR"	"Dead"	"1"	1941	"YES"	"351"	"Relapse"	351	"Progressive Disease"	"NA"	"NA"	"Distant Metastasis"	"Bone"	"351"	"[Unknown]"	"NA"	1	-0.644	-0.563	-0.563	-0.563	-0.563	61	2	"yes"	">50 %"	"[Unknown]"	3	1	"M4"	1	2	"NA"	3	5	0.097268466	"0.81"	"3.04"	"1"	"0.87"	"0.13"	449	103
"TCGA-KD-A5QT"	"ULMS"	"leiomyosarcoma - gynecologic"	69	"FEMALE"	"No"	"Gynecological - Uterus|Gynecological - Cervix"	"13"	"deep"	"R0"	"[Unknown]"	"[Unknown]"	"TUMOR FREE"	"Alive"	"0"	499	"NO"	"NA"	"Non-Relapse"	499	"NA"	"NA"	"NA"	"NA"	"NA"	"NA"	"No Major Vessel Involvement"	"NA"	2	0	0	0	0	0	102	1	"yes"	"<50 %"	"NO"	3	5	"M5"	3	1	"NA"	3	1	0.018770688	"0.96"	"1.9"	"0"	"0.96"	"0.04"	210	58
"TCGA-KD-A5QU"	"ULMS"	"leiomyosarcoma - gynecologic"	41	"FEMALE"	"No"	"Gynecological - Uterus|Gynecological - Other (please specify"	"9"	"deep"	"R0"	"NO"	"YES"	"WITH TUMOR"	"Dead"	"1"	1073	"YES"	"1060"	"Relapse"	1060	"Progressive Disease"	"NA"	"NA"	"Distant Metastasis"	"Lung"	"1060"	"[Unknown]"	"NA"	1	-0.623	-0.57	-0.57	-0.57	-0.57	50	1	"yes"	"<50 %"	"[Unknown]"	3	5	"M5"	3	1	"NA"	3	1	0.050188173	"0.93"	"1.5"	"0"	"0.91"	"0.55000000000000004"	119	88
"TCGA-KF-A41W"	"ULMS"	"leiomyosarcoma - gynecologic"	71	"FEMALE"	"Yes"	"Gynecological - Uterus"	"8.5"	"deep"	"RX"	"NO"	"YES"	"TUMOR FREE"	"Alive"	"0"	356	"NO"	"NA"	"Non-Relapse"	356	"Complete Response"	"NA"	"NA"	"NA"	"NA"	"NA"	"No Major Vessel Involvement"	"NA"	3	-0.309	-0.196	0.677999999999999	0.677999999999999	0.677999999999999	10	0	"no"	"<50 %"	"NO"	2	1	"M4"	1	2	"NA"	5	5	0.185409222	"0.57999999999999996"	"2.56"	"1"	"0.64"	"0.08"	346	68
"TCGA-LI-A9QH"	"UPS"	"undifferentiated pleomorphic sarcoma"	72	"FEMALE"	"Yes"	"Lower Extremity - Lower leg/calf"	"18.8"	"deep"	"R2"	"YES"	"NO"	"NA"	"Dead"	"0"	540	"YES"	"426"	"Relapse"	426	"NA"	"NA"	"NA"	"Distant Metastasis"	"Lung"	"426"	"NA"	"NA"	2	0.025	0.024	0.024	0.024	0.024	24	1	"yes"	"<50 %"	"NO"	3	1	"M4"	1	2	"C4"	5	5	0.04950557	"0.91"	"2.97"	"1"	"0.94"	"0.28000000000000003"	277	124
"TCGA-MB-A5Y8"	"UPS"	"undifferentiated pleomorphic sarcoma"	60	"FEMALE"	"No"	"Lower Extremity - Lower leg/calf"	"12.8"	"superficial"	"R0"	"YES"	"YES"	"TUMOR FREE"	"Alive"	"0"	773	"NO"	"NA"	"Non-Relapse"	773	"Complete Response"	"NA"	"NA"	"NA"	"NA"	"NA"	"NA"	"NA"	2	0.034	0.026	0.026	0.026	0.026	3	1	"yes"	"<50 %"	"NA"	2	5	"M4"	1	2	"C2"	5	5	0.291595806	"0.77"	"1.75"	"0"	"0.74"	"0.12"	177	41
"TCGA-MB-A5Y9"	"UPS"	"undifferentiated pleomorphic sarcoma"	90	"MALE"	"Yes"	"Lower Extremity - Lower leg/calf"	"12"	"deep"	"R1"	"NO"	"NO"	"WITH TUMOR"	"Alive"	"0"	252	"NO"	"NA"	"Non-Relapse"	252	"Stable Disease"	"NA"	"NA"	"NA"	"NA"	"NA"	"NA"	"NA"	2	0	0	0	0	0	45	1	"yes"	"<50 %"	"NO"	3	5	"M1"	1	2	"C3"	1	3	0.72143242	"0.21"	"2.3199999999999998"	"0"	"0.23"	"0.46"	58	63
"TCGA-MB-A5YA"	"UPS"	"undifferentiated pleomorphic sarcoma"	63	"MALE"	"No"	"Retroperitoneum/Upper abdominal - Colon"	"8.5"	"deep"	"R0"	"NO"	"NO"	"TUMOR FREE"	"Alive"	"0"	15	"NO"	"NA"	"Non-Relapse"	15	"Complete Response"	"NA"	"NA"	"NA"	"NA"	"NA"	"Yes, NOS"	"NA"	2	-0.028	-0.025	-0.025	-0.025	-0.025	8	1	"yes"	"<50 %"	"NO"	2	4	"M3"	3	1	"C1"	3	1	0.063791614	"0.89"	"1.94"	"0"	"0.89"	"0.02"	33	44
"TCGA-MB-A8JK"	"UPS"	"undifferentiated pleomorphic sarcoma"	49	"MALE"	"No"	"Lower Extremity - Thigh/knee"	"3.9"	"deep"	"RX"	"YES"	"NO"	"TUMOR FREE"	"Alive"	"0"	661	"NO"	"NA"	"Non-Relapse"	661	"Complete Response"	"NA"	"NA"	"NA"	"NA"	"NA"	"NA"	"[Unknown]"	1	-0.588	-0.434	-0.434	-0.434	-0.434	21	1	"yes"	"<50 %"	"NO"	3	6	"M1"	1	2	"C4"	4	3	0.215683679	"0.64"	"3.12"	"1"	"0.74"	"0.12"	226	50
"TCGA-MJ-A68H"	"ULMS"	"leiomyosarcoma - gynecologic"	57	"FEMALE"	"No"	"Lower abdominal/Pelvic - Other (please specify"	"5"	"deep"	"R0"	"NO"	"NO"	"TUMOR FREE"	"Alive"	"0"	456	"NO"	"NA"	"Non-Relapse"	456	"Complete Response"	"NA"	"NA"	"NA"	"NA"	"NA"	"No Major Vessel Involvement"	"NA"	1	-0.511	-0.456	-0.456	-0.456	-0.456	17	1	"yes"	"<50 %"	"NO"	2	5	"M3"	3	1	"NA"	3	1	0.057177406	"0.84"	"3.26"	"1"	"0.89"	"0.1"	122	59
"TCGA-MJ-A68J"	"MFS"	"myxofibrosarcoma"	55	"FEMALE"	"No"	"Lower Extremity - Lower leg/calf"	"5.0999999999999996"	"unk"	"R1"	"YES"	"NO"	"[Unknown]"	"Alive"	"0"	547	"YES"	"268"	"Relapse"	268	"Complete Response"	"NA"	"NA"	"New Primary Tumor"	"Foot"	"268"	"NA"	"NA"	2	0.007	0.004	0.004	0.004	0.004	1	0	"no"	"<50 %"	"NO"	1	2	"M1"	1	2	"NA"	4	3	0.292926832	"0.66"	"2.04"	"0"	"0.67"	"0"	38	27
"TCGA-MJ-A850"	"SS"	"synovial sarcoma"	28	"MALE"	"No"	"Head and Neck - Neck|Head and Neck - Other (please specify"	"5"	"deep"	"RX"	"YES"	"NO"	"TUMOR FREE"	"Alive"	"0"	681	"NO"	"NA"	"Non-Relapse"	681	"Complete Response"	"NA"	"NA"	"NA"	"NA"	"NA"	"NA"	"Positive - SS18-SSX1"	2	-0.001	-0.001	-0.001	-0.001	-0.001	16	1	"yes"	"<50 %"	"NO"	3	2	"M2"	2	2	"NA"	2	4	0.078745161	"NA"	"NA"	"NA"	"NA"	"NA"	11	71
"TCGA-MO-A47R"	"ULMS"	"leiomyosarcoma - gynecologic"	75	"FEMALE"	"No"	"Retroperitoneum/Upper abdominal - Intraabdominal"	"NA"	"deep"	"R0"	"NO"	"NO"	"WITH TUMOR"	"Dead"	"1"	318	"YES"	"259"	"Relapse"	259	"Progressive Disease"	"NA"	"NA"	"Distant Metastasis"	"Brain"	"259"	"[Unknown]"	"NA"	3	0.529	0.505	0.505	0.505	0.505	7	0	"no"	"<50 %"	"NA"	1	5	"M5"	2	2	"C4"	2	2	0.048194595	"0.93"	"3.06"	"1"	"0.95"	"0"	98	43
"TCGA-N1-A6IA"	"ULMS"	"leiomyosarcoma - gynecologic"	41	"FEMALE"	"No"	"Gynecological - Uterus"	"NA"	"deep"	"RX"	"NO"	"NO"	"WITH TUMOR"	"Dead"	"1"	224	"YES"	"116"	"Relapse"	116	"Progressive Disease"	"NA"	"NA"	"Distant Metastasis"	"Lung"	"116"	"No Major Vessel Involvement"	"NA"	2	0.002	0.002	0.002	0.002	0.002	26	2	"yes"	">50 %"	"YES"	3	1	"M5"	1	2	"C2"	5	5	0.097281404	"0.67"	"3.24"	"1"	"0.76"	"0.15"	247	57
"TCGA-PC-A5DK"	"STLMS"	"leiomyosarcoma - soft tissue"	63	"MALE"	"No"	"Retroperitoneum/Upper abdominal - Retroperitoneum"	"10"	"deep"	"R0"	"NO"	"NO"	"TUMOR FREE"	"Alive"	"0"	3740	"NO"	"NA"	"Non-Relapse"	3740	"NA"	"NA"	"NA"	"NA"	"NA"	"NA"	"Yes, NOS"	"NA"	2	-0.013	-0.011	-0.011	-0.011	-0.011	2	0	"no"	"<50 %"	"NO"	1	4	"M3"	3	1	"C1"	3	1	0.154798086	"0.85"	"1.93"	"0"	"0.85"	"0.03"	38	41
"TCGA-PC-A5DL"	"STLMS"	"leiomyosarcoma - soft tissue"	67	"MALE"	"No"	"Retroperitoneum/Upper abdominal - Retroperitoneum"	"11"	"deep"	"RX"	"NO"	"NO"	"[Unknown]"	"Dead"	"NA"	1142	"NO"	"NA"	"Relapse"	1142	"NA"	"NA"	"NA"	"NA"	"NA"	"NA"	"[Unknown]"	"NA"	3	0.578	0.516	0.516	0.516	0.516	6	1	"yes"	"<50 %"	"NO"	2	5	"M1"	3	1	"C1"	3	1	0.114911509	"0.84"	"3.22"	"1"	"0.89"	"0.21"	59	34
"TCGA-PC-A5DN"	"DDLPS"	"dedifferentiated liposarcoma"	77	"FEMALE"	"No"	"Retroperitoneum/Upper abdominal - Retroperitoneum"	"20"	"deep"	"R1"	"NO"	"NO"	"TUMOR FREE"	"Dead"	"0"	1175	"NO"	"NA"	"Relapse"	1175	"NA"	"NA"	"NA"	"NA"	"NA"	"NA"	"[Unknown]"	"NA"	25	3.657	3.657	3.657	3.657	3.657	3	0	"no"	"<50 %"	"NO"	2	2	"M5"	2	2	"C1"	4	2	0.27002485	"0.61"	"2.06"	"0"	"0.61"	"0.03"	240	63
"TCGA-PC-A5DO"	"STLMS"	"leiomyosarcoma - soft tissue"	59	"FEMALE"	"No"	"Retroperitoneum/Upper abdominal - Retroperitoneum"	"6"	"deep"	"R1"	"NO"	"NO"	"WITH TUMOR"	"Dead"	"1"	2464	"NO"	"NA"	"Relapse"	2464	"NA"	"NA"	"NA"	"NA"	"NA"	"NA"	"[Unknown]"	"NA"	1	-0.969	-0.914	-0.914	-0.914	-0.914	40	0	"no"	"<50 %"	"NO"	2	5	"M3"	3	1	"C1"	3	1	0.05814924	"0.94"	"1.75"	"0"	"0.93"	"0.13"	159	42
"TCGA-QC-A6FX"	"UPS"	"undifferentiated pleomorphic sarcoma"	68	"MALE"	"Yes"	"Superficial Trunk - Back"	"5"	"deep"	"R0"	"YES"	"NO"	"TUMOR FREE"	"Alive"	"0"	637	"NO"	"NA"	"Non-Relapse"	637	"Complete Response"	"NA"	"NA"	"NA"	"NA"	"NA"	"NA"	"NA"	2	0.257	0.185	0.185	0.185	0.185	12	1	"yes"	"<50 %"	"NO"	3	6	"M1"	1	2	"C2"	1	5	0.313261945	"0.7"	"2.21"	"1"	"0.72"	"0.21"	466	62
"TCGA-QQ-A5V9"	"UPS"	"undifferentiated pleomorphic sarcoma"	76	"MALE"	"No"	"Retroperitoneum/Upper abdominal - Retroperitoneum"	"17"	"deep"	"R0"	"NO"	"NO"	"WITH TUMOR"	"Dead"	"1"	1424	"YES"	"405"	"Relapse"	405	"NA"	"NA"	"NA"	"Distant Metastasis"	"Lung"	"405"	"NA"	"NA"	2	-0.009	-0.006	-0.006	-0.006	-0.006	9	1	"yes"	"<50 %"	"NO"	2	6	"M1"	1	2	"C3"	1	3	0.351208527	"0.48"	"3.52"	"2"	"0.62"	"0.21"	163	82
"TCGA-QQ-A5VB"	"STLMS"	"leiomyosarcoma - soft tissue"	53	"FEMALE"	"No"	"Lower Extremity - Groin"	"13.2"	"unk"	"R1"	"NO"	"YES"	"WITH TUMOR"	"Dead"	"1"	1478	"YES"	"1476"	"Relapse"	1476	"NA"	"Locoregional Recurrence"	"111"	"Distant Metastasis"	"Descending Colon"	"1476"	"Common or superficial femoral vein"	"[Unknown]"	2	0.489	0.278	0.278	0.278	0.278	8	1	"yes"	"<50 %"	"NO"	2	6	"M4"	1	2	"C2"	1	5	0.430051432	"0.45"	"3.26"	"2"	"0.56999999999999995"	"0.13"	182	79
"TCGA-QQ-A5VC"	"STLMS"	"leiomyosarcoma - soft tissue"	63	"FEMALE"	"No"	"Lower Extremity - Thigh/knee"	"3.5"	"unk"	"R0"	"NO"	"NO"	"TUMOR FREE"	"Alive"	"0"	1092	"NO"	"NA"	"Non-Relapse"	1092	"Complete Response"	"NA"	"NA"	"NA"	"NA"	"NA"	"No Major Vessel Involvement"	"NA"	3	0.768	0.685999999999999	0.685999999999999	0.685999999999999	0.685999999999999	31	1	"yes"	"<50 %"	"NO"	3	6	"M4"	1	2	"NA"	5	5	0.100301041	"0.88"	"2.5"	"1"	"0.9"	"0.32"	321	87
"TCGA-QQ-A8VH"	"MPNST"	"MPNST"	31	"FEMALE"	"No"	"Chest - Other (please specify"	"NA"	"deep"	"RX"	"YES"	"NO"	"WITH TUMOR"	"Dead"	"1"	320	"YES"	"197"	"Relapse"	197	"NA"	"Locoregional Recurrence"	"197"	"New Primary Tumor"	"C3 and C6"	"314"	"NA"	"NA"	2	0.19	0.173	0.173	0.173	0.173	11	1	"yes"	"<50 %"	"[Unknown]"	2	6	"M2"	2	2	"C5"	2	4	0.089223985	"0.91"	"1.88"	"0"	"0.9"	"0.34"	339	74
"TCGA-RN-A68Q"	"MPNST"	"MPNST"	62	"FEMALE"	"No"	"Head and Neck - Other (please specify"	"1.5"	"deep"	"RX"	"NO"	"NO"	"TUMOR FREE"	"Alive"	"0"	22	"NO"	"NA"	"Non-Relapse"	22	"Complete Response"	"NA"	"NA"	"NA"	"NA"	"NA"	"NA"	"NA"	2	-0.005	-0.005	-0.005	-0.005	-0.005	3	1	"yes"	"<50 %"	"[Unknown]"	2	2	"M1"	3	2	"C5"	4	3	0.407364936	"NA"	"NA"	"NA"	"NA"	"NA"	7	52
"TCGA-SG-A6Z4"	"UPS"	"undifferentiated pleomorphic sarcoma"	47	"MALE"	"No"	"Lower Extremity - Thigh/knee"	"11"	"deep"	"R1"	"YES"	"YES"	"WITH TUMOR"	"Alive"	"0"	576	"YES"	"105"	"Relapse"	105	"Stable Disease"	"NA"	"NA"	"Distant Metastasis"	"Lung"	"105"	"NA"	"NA"	2	-0.046	-0.04	-0.04	-0.04	-0.04	44	1	"yes"	"<50 %"	"NO"	3	1	"M4"	1	2	"C2"	5	5	0.091812937	"0.81"	"3.05"	"1"	"0.87"	"0.43"	168	62
"TCGA-SG-A6Z7"	"DDLPS"	"dedifferentiated liposarcoma"	44	"FEMALE"	"No"	"Retroperitoneum/Upper abdominal - Kidney|Retroperitoneum/Upper abdominal - Liver|Retroperitoneum/Upper abdominal - Other (please specify"	"30"	"deep"	"RX"	"NO"	"NO"	"TUMOR FREE"	"Dead"	"0"	118	"NO"	"NA"	"Relapse"	118	"NA"	"NA"	"NA"	"NA"	"NA"	"NA"	"NA"	"NA"	19	3.486	3.657	3.657	3.657	-0.268	15	1	"yes"	"<50 %"	"[Unknown]"	3	3	"M5"	2	2	"C5"	2	2	0.066362597	"0.93"	"3.65"	"1"	"0.96"	"0.27"	598	74
"TCGA-SG-A849"	"UPS"	"undifferentiated pleomorphic sarcoma"	78	"MALE"	"Yes"	"Upper Extremity - Upper arm/elbow"	"2.7"	"superficial"	"R1"	"YES"	"NO"	"TUMOR FREE"	"Alive"	"0"	533	"NO"	"NA"	"Non-Relapse"	533	"Complete Response"	"NA"	"NA"	"NA"	"NA"	"NA"	"NA"	"NA"	2	0.378	0.135	0.135	0.135	0.135	26	1	"yes"	"<50 %"	"NA"	3	6	"M1"	1	2	"C2"	1	5	0.553255222	"0.3"	"2.8"	"1"	"0.38"	"0.24"	110	82
"TCGA-SI-A71O"	"UPS"	"undifferentiated pleomorphic sarcoma"	29	"MALE"	"No"	"Lower Extremity - Other (please specify"	"22"	"unk"	"RX"	"YES"	"YES"	"WITH TUMOR"	"Dead"	"1"	694	"YES"	"264"	"Relapse"	264	"Progressive Disease"	"Locoregional Recurrence"	"683"	"Distant Metastasis"	"Lung"	"264"	"NA"	"NA"	2	-0.513	-0.475	-0.475	0.78	0.78	29	1	"yes"	"<50 %"	"NO"	3	1	"M4"	1	2	"C5"	5	5	0.093542064	"0.93"	"1.83"	"0"	"0.92"	"0.78"	417	53
"TCGA-SI-A71P"	"MPNST"	"MPNST"	50	"MALE"	"No"	"NA"	"13.5"	"deep"	"RX"	"YES"	"YES"	"TUMOR FREE"	"Alive"	"0"	771	"NO"	"NA"	"Non-Relapse"	771	"Complete Response"	"NA"	"NA"	"NA"	"NA"	"NA"	"NA"	"NA"	2	0.391	0.173	0.173	0.173	0.173	29	2	"yes"	">50 %"	"YES"	3	5	"M1"	3	2	"C5"	4	3	0.518926547	"0.32"	"3.26"	"1"	"0.43"	"0.25"	57	45
"TCGA-SI-A71Q"	"MPNST"	"MPNST"	34	"FEMALE"	"No"	"Chest - Chest wall"	"20"	"deep"	"R0"	"YES"	"NO"	"TUMOR FREE"	"Alive"	"0"	996	"NO"	"NA"	"Non-Relapse"	996	"Complete Response"	"NA"	"NA"	"NA"	"NA"	"NA"	"NA"	"NA"	4	1.013	1.013	1.013	1.013	1.013	14	0	"no"	"<50 %"	"NO"	2	5	"M5"	2	2	"C5"	2	2	0.04994695	"NA"	"NA"	"NA"	"NA"	"NA"	528	69
"TCGA-SI-AA8B"	"UPS"	"undifferentiated pleomorphic sarcoma"	80	"FEMALE"	"No"	"Lower Extremity - Thigh/knee"	"20"	"unk"	"R1"	"NO"	"NO"	"WITH TUMOR"	"Dead"	"1"	262	"NO"	"NA"	"Relapse"	262	"Stable Disease"	"NA"	"NA"	"NA"	"NA"	"NA"	"NA"	"NA"	2	-0.518	-0.472	-0.52	-0.55	0.001	20	1	"yes"	"<50 %"	"NO"	3	1	"M4"	1	2	"C4"	5	5	0.095907168	"0.88"	"2.86"	"1"	"0.91"	"0.55000000000000004"	245	94
"TCGA-SI-AA8C"	"MPNST"	"MPNST"	20	"FEMALE"	"No"	"Lower Extremity - Thigh/knee"	"7.5"	"deep"	"R1"	"YES"	"YES"	"WITH TUMOR"	"Alive"	"0"	597	"YES"	"273"	"Relapse"	273	"Stable Disease"	"NA"	"NA"	"Distant Metastasis"	"Lung"	"273"	"NA"	"NA"	2	0.024	0.021	0.021	0.021	0.021	4	2	"yes"	">50 %"	"NO"	2	5	"M5"	2	2	"C5"	2	2	0.097256948	"0.87"	"1.84"	"0"	"0.86"	"0.18"	252	31
"TCGA-VT-A80G"	"UPS"	"undifferentiated pleomorphic sarcoma"	66	"MALE"	"No"	"Lower Extremity - Other (please specify"	"20"	"deep"	"R0"	"YES"	"NO"	"WITH TUMOR"	"Alive"	"0"	326	"YES"	"26"	"Relapse"	26	"Progressive Disease"	"NA"	"NA"	"Distant Metastasis"	"Lung"	"26"	"NA"	"NA"	2	0.118	0.106	0.106	0.106	0.106	17	1	"yes"	"<50 %"	"NO"	3	5	"M4"	1	2	"C2"	5	5	0.121974596	"0.86"	"2.79"	"1"	"0.89"	"0.24"	624	123
"TCGA-VT-A80J"	"UPS"	"undifferentiated pleomorphic sarcoma"	49	"FEMALE"	"Yes"	"Lower Extremity - Lower leg/calf"	"9"	"superficial"	"R0"	"NO"	"YES"	"TUMOR FREE"	"Alive"	"0"	796	"YES"	"355"	"Relapse"	355	"Stable Disease"	"NA"	"NA"	"Distant Metastasis"	"inguinal lymph node"	"355"	"NA"	"NA"	2	-0.253	-0.078	-0.078	-0.078	-0.078	41	1	"yes"	"<50 %"	"NA"	3	6	"M1"	1	2	"C2"	1	5	0.555505931	"0.37"	"1.6"	"0"	"0.32"	"0.51"	187	72
"TCGA-VT-AB3D"	"UPS"	"undifferentiated pleomorphic sarcoma"	71	"MALE"	"No"	"Upper Extremity - Upper arm/elbow"	"4.2"	"deep"	"R0"	"YES"	"NO"	"TUMOR FREE"	"Alive"	"0"	379	"NO"	"NA"	"Non-Relapse"	379	"Stable Disease"	"NA"	"NA"	"NA"	"NA"	"NA"	"NA"	"NA"	2	0.129	0.038	0.038	0.038	0.038	13	0	"no"	"<50 %"	"NO"	2	5	"M1"	1	2	"NA"	4	3	0.669294803	"0.28999999999999998"	"1.86"	"0"	"0.27"	"0.33"	131	75
"TCGA-WK-A8XO"	"DDLPS"	"dedifferentiated liposarcoma"	66	"FEMALE"	"No"	"Retroperitoneum/Upper abdominal - Retroperitoneum|Retroperitoneum/Upper abdominal - Small Intestines|Retroperitoneum/Upper abdominal - Other (please specify"	"5"	"deep"	"R0"	"NO"	"NO"	"WITH TUMOR"	"Dead"	"1"	363	"NO"	"NA"	"Relapse"	363	"NA"	"Locoregional Recurrence"	"105"	"NA"	"NA"	"NA"	"NA"	"NA"	19	-0.009	3.657	0.017	3.657	3.657	40	0	"no"	"<50 %"	"YES"	3	2	"M1"	1	2	"NA"	1	3	0.29165922	"0.61"	"1.92"	"0"	"0.61"	"0.09"	242	46
"TCGA-WK-A8XQ"	"UPS"	"undifferentiated pleomorphic sarcoma"	57	"MALE"	"No"	"Retroperitoneum/Upper abdominal - Intraabdominal|Retroperitoneum/Upper abdominal - Other (please specify"	"36.5"	"deep"	"R2"	"NO"	"NO"	"WITH TUMOR"	"Dead"	"1"	146	"YES"	"27"	"Relapse"	27	"NA"	"Locoregional Recurrence"	"27"	"NA"	"NA"	"NA"	"NA"	"NA"	2	0.002	0.002	0.002	0.002	0.002	3	2	"yes"	">50 %"	"NO"	3	2	"M5"	2	2	"NA"	2	2	0.054810616	"NA"	"NA"	"NA"	"NA"	"NA"	23	51
"TCGA-WK-A8XS"	"STLMS"	"leiomyosarcoma - soft tissue"	58	"FEMALE"	"No"	"Retroperitoneum/Upper abdominal - Gastric"	"7.6"	"deep"	"R0"	"NO"	"NO"	"TUMOR FREE"	"Alive"	"0"	2579	"NO"	"NA"	"Non-Relapse"	2579	"NA"	"NA"	"NA"	"NA"	"NA"	"NA"	"No Major Vessel Involvement"	"NA"	1	-0.667	-0.601	-0.601	-0.601	-0.601	21	0	"no"	"<50 %"	"NO"	2	5	"M3"	3	1	"NA"	3	1	0.049636987	"0.84"	"3.28"	"1"	"0.9"	"0.12"	172	68
"TCGA-WK-A8XT"	"SS"	"synovial sarcoma"	40	"FEMALE"	"Yes"	"Retroperitoneum/Upper abdominal - Kidney"	"3.2"	"deep"	"R0"	"NO"	"NO"	"WITH TUMOR"	"Dead"	"1"	1262	"YES"	"599"	"Relapse"	599	"NA"	"Locoregional Recurrence"	"599"	"Distant Metastasis"	"Lung"	"829"	"NA"	"Positive - SS18-SSX2"	2	0.003	0.003	0.003	0.003	0.003	50	0	"no"	"<50 %"	"NO"	3	2	"M2"	2	2	"NA"	2	4	0.040636902	"0.85"	"1.93"	"0"	"0.84"	"0"	23	86
"TCGA-WK-A8XX"	"STLMS"	"leiomyosarcoma - soft tissue"	70	"MALE"	"No"	"Retroperitoneum/Upper abdominal - Retroperitoneum|Retroperitoneum/Upper abdominal - Other (please specify"	"7"	"deep"	"R0"	"NO"	"NO"	"WITH TUMOR"	"Dead"	"1"	1164	"YES"	"1120"	"Relapse"	1120	"NA"	"Locoregional Recurrence"	"111"	"Distant Metastasis"	"Lung"	"111"	"Renal vein"	"NA"	2	-0.416	-0.355	-0.355	-0.355	-0.355	22	1	"yes"	"<50 %"	"NO"	2	5	"M3"	3	1	"C1"	3	1	0.118872806	"0.75"	"3.42"	"1"	"0.84"	"0.1"	156	62
"TCGA-WK-A8XY"	"STLMS"	"leiomyosarcoma - soft tissue"	53	"FEMALE"	"No"	"Retroperitoneum/Upper abdominal - Small Intestines|Retroperitoneum/Upper abdominal - Other (please specify"	"32"	"deep"	"R1"	"NO"	"NO"	"WITH TUMOR"	"Dead"	"1"	1991	"YES"	"103"	"Relapse"	103	"NA"	"Locoregional Recurrence"	"103"	"Distant Metastasis"	"Lung"	"103"	"No Major Vessel Involvement"	"NA"	1	-0.989	-0.924	-0.924	-0.924	-0.924	17	2	"yes"	">50 %"	"YES"	3	5	"M3"	3	1	"NA"	3	1	0.033922092	"0.93"	"1.69"	"0"	"0.92"	"0"	135	61
"TCGA-WK-A8Y0"	"UPS"	"undifferentiated pleomorphic sarcoma"	49	"FEMALE"	"No"	"Chest - Chest wall"	"10.199999999999999"	"deep"	"R0"	"YES"	"NO"	"WITH TUMOR"	"Dead"	"1"	688	"YES"	"281"	"Relapse"	281	"NA"	"Locoregional Recurrence"	"481"	"Distant Metastasis"	"Lung"	"111"	"NA"	"NA"	2	-0.066	-0.047	-0.047	-0.047	-0.047	25	1	"yes"	"<50 %"	"NO"	3	1	"M4"	1	2	"C3"	1	5	0.282531578	"0.61"	"3.21"	"1"	"0.71"	"0.3"	367	74
"TCGA-WP-A9GB"	"ULMS"	"leiomyosarcoma - gynecologic"	59	"FEMALE"	"No"	"Gynecological - Uterus"	"29.5"	"deep"	"RX"	"NO"	"NO"	"WITH TUMOR"	"Dead"	"1"	261	"YES"	"214"	"Relapse"	214	"Progressive Disease"	"NA"	"NA"	"Distant Metastasis"	"Lung"	"214"	"No Major Vessel Involvement"	"NA"	2	0	0	0	0	0	40	0	"no"	"<50 %"	"NO"	3	1	"M5"	3	1	"C1"	3	1	0.011618332	"0.97"	"3.02"	"1"	"0.98"	"0.06"	285	168
"TCGA-X2-A95T"	"ULMS"	"leiomyosarcoma - gynecologic"	49	"FEMALE"	"No"	"Gynecological - Uterus"	"7"	"deep"	"R0"	"NO"	"YES"	"TUMOR FREE"	"Alive"	"0"	1927	"NO"	"NA"	"Non-Relapse"	1927	"Complete Response"	"NA"	"NA"	"NA"	"NA"	"NA"	"No Major Vessel Involvement"	"NA"	1	-0.971	-0.924	-0.924	-0.924	-0.924	21	1	"yes"	"<50 %"	"NO"	3	4	"M1"	3	1	"NA"	3	1	0.02911515	"0.95"	"1.91"	"0"	"0.94"	"0"	182	72
"TCGA-X6-A7W8"	"MFS"	"myxofibrosarcoma"	89	"MALE"	"No"	"Lower Extremity - Thigh/knee"	"17.5"	"deep"	"R1"	"YES"	"NO"	"WITH TUMOR"	"Dead"	"1"	804	"YES"	"146"	"Relapse"	146	"NA"	"NA"	"NA"	"Distant Metastasis"	"Lung"	"146"	"NA"	"NA"	3	-0.046	-0.033	0.377	0.377	0.935	50	1	"yes"	"<50 %"	"NO"	3	6	"M4"	1	2	"C2"	1	5	0.264766247	"0.67"	"2.65"	"1"	"0.72"	"0.19"	604	83
"TCGA-X6-A7WC"	"UPS"	"undifferentiated pleomorphic sarcoma"	74	"MALE"	"No"	"Lower Extremity - Thigh/knee"	"11.1"	"deep"	"R0"	"YES"	"YES"	"TUMOR FREE"	"Alive"	"0"	1379	"YES"	"301"	"Relapse"	301	"NA"	"NA"	"NA"	"Distant Metastasis"	"Lung"	"301"	"No Major Vessel Involvement"	"NA"	2	0.038	0.0289999999999999	0.0289999999999999	0.0289999999999999	0.0289999999999999	50	1	"yes"	"<50 %"	"NO"	3	6	"M4"	1	2	"C2"	1	5	0.254465936	"0.66"	"3.11"	"1"	"0.75"	"0.16"	383	134
"TCGA-X6-A7WD"	"STLMS"	"leiomyosarcoma - soft tissue"	63	"FEMALE"	"No"	"Lower Extremity - Lower leg/calf"	"8"	"unk"	"R0"	"NO"	"NO"	"WITH TUMOR"	"Alive"	"0"	938	"YES"	"558"	"Relapse"	558	"NA"	"NA"	"NA"	"Distant Metastasis"	"Lung"	"558"	"No Major Vessel Involvement"	"NA"	2	-0.139	-0.121	-0.121	-0.121	-0.121	21	1	"yes"	"<50 %"	"NO"	3	4	"M3"	3	1	"C1"	3	1	0.090077349	"0.87"	"1.94"	"0"	"0.86"	"0.17"	218	78
"TCGA-X6-A8C2"	"UPS"	"undifferentiated pleomorphic sarcoma"	56	"MALE"	"No"	"Lower Extremity - Lower leg/calf"	"5"	"superficial"	"R1"	"YES"	"YES"	"WITH TUMOR"	"Alive"	"0"	1070	"YES"	"7"	"Relapse"	7	"NA"	"NA"	"NA"	"New Primary Tumor"	"Lung"	"7"	"NA"	"NA"	2	0.589	0.503	-0.035	-0.012	-0.012	13	1	"yes"	"<50 %"	"NO"	3	1	"M4"	1	2	"C3"	5	5	0.153271075	"0.79"	"2.96"	"1"	"0.85"	"0.24"	472	86
"TCGA-X6-A8C3"	"MFS"	"myxofibrosarcoma"	59	"FEMALE"	"No"	"Lower Extremity - Lower leg/calf"	"4"	"deep"	"R1"	"YES"	"NO"	"TUMOR FREE"	"Alive"	"0"	583	"NO"	"NA"	"Non-Relapse"	583	"NA"	"NA"	"NA"	"NA"	"NA"	"NA"	"NA"	"NA"	2	0.435	0.287	0.287	0.287	0.287	50	1	"yes"	"<50 %"	"NO"	3	6	"M4"	1	2	"C2"	1	5	0.347351638	"0.53"	"3.42"	"1"	"0.65"	"0.28999999999999998"	140	85
"TCGA-X6-A8C5"	"STLMS"	"leiomyosarcoma - soft tissue"	63	"FEMALE"	"No"	"Retroperitoneum/Upper abdominal - Small Intestines"	"15.3"	"deep"	"R0"	"NO"	"NO"	"TUMOR FREE"	"Alive"	"0"	1547	"NO"	"NA"	"Non-Relapse"	1547	"NA"	"NA"	"NA"	"NA"	"NA"	"NA"	"No Major Vessel Involvement"	"NA"	2	0.002	0.002	0.002	0.002	0.002	2	1	"yes"	"<50 %"	"NO"	2	4	"M3"	3	1	"C1"	3	1	0.222437695	"0.77"	"1.87"	"0"	"0.76"	"0.12"	115	86
"TCGA-X6-A8C7"	"SS"	"synovial sarcoma"	24	"FEMALE"	"No"	"Lower Extremity - Foot/ankle"	"1.6"	"unk"	"R0"	"YES"	"NO"	"TUMOR FREE"	"Alive"	"0"	896	"NO"	"NA"	"Non-Relapse"	896	"NA"	"NA"	"NA"	"NA"	"NA"	"NA"	"NA"	"Positive - SS18-SSX1"	2	0.002	0.002	0.002	0.002	0.002	21	1	"no"	"<50 %"	"NO"	3	2	"M2"	2	2	"C5"	2	4	0.047982006	"0.97"	"1.96"	"0"	"0.97"	"0.03"	33	24
"TCGA-X9-A971"	"STLMS"	"leiomyosarcoma - soft tissue"	52	"FEMALE"	"No"	"Upper Extremity - Shoulder/axilla"	"3.8"	"unk"	"R0"	"NO"	"YES"	"WITH TUMOR"	"Alive"	"0"	831	"YES"	"332"	"Relapse"	332	"NA"	"NA"	"NA"	"Distant Metastasis"	"Lung"	"224"	"No Major Vessel Involvement"	"NA"	2	-0.314	-0.292	-0.292	-0.292	-0.292	18	1	"yes"	"<50 %"	"NO"	2	5	"M3"	3	1	"C1"	3	1	0.030192461	"0.93"	"1.85"	"0"	"0.92"	"0.34"	246	68
"TCGA-Z4-AAPF"	"SS"	"synovial sarcoma"	35	"FEMALE"	"No"	"Upper Extremity - Upper arm/elbow"	"2"	"unk"	"R0"	"NO"	"NO"	"TUMOR FREE"	"Alive"	"0"	485	"NO"	"NA"	"Non-Relapse"	485	"Complete Response"	"NA"	"NA"	"NA"	"NA"	"NA"	"NA"	"Positive - SS18-SSX2"	5	1.522	1.349	1.349	1.349	1.349	1	0	"no"	"<50 %"	"NO"	2	3	"M2"	2	2	"C1"	2	4	0.055271184	"0.88"	"2.36"	"0"	"0.89"	"0.05"	71	37
"TCGA-Z4-AAPG"	"UPS"	"undifferentiated pleomorphic sarcoma"	64	"FEMALE"	"No"	"Retroperitoneum/Upper abdominal - Retroperitoneum"	"10"	"deep"	"R0"	"NO"	"NO"	"TUMOR FREE"	"Alive"	"0"	486	"NO"	"NA"	"Non-Relapse"	486	"Complete Response"	"NA"	"NA"	"NA"	"NA"	"NA"	"NA"	"NA"	2	-0.096	-0.083	-0.083	-0.083	-0.083	4	1	"yes"	"<50 %"	"NO"	2	5	"M4"	1	2	"NA"	5	5	0.13387455	"0.8"	"3.07"	"1"	"0.86"	"0.3"	197	60
