"patient"	"Sex"	"Age.at.diagnosis"	"T.stage"	"N.stage"	"M.stage"	"Smoking.Status"	"Pack.years"	"Nonsilent.Mutatios"	"Nonsilent.Mutatios.per.Mb"	"Selected.Mutation.Summary"	"High.Level.Amplifications"	"Homozygous.Deletions"	"Expression.Subtype"
"TCGA-18-3406"	"MALE"	"67"	"T1"	"N0"	"M0"	"Current reformed smoker for < or = 15 years"	"200"	275	"8,07"	"TP53 p.V216E; FAM123B p.G82V; FBXW7 p.S585T"	""	"CDKN2A"	"basal"
"TCGA-18-3407"	"MALE"	"72"	"T2"	"N0"	"M0"	"Current reformed smoker for > 15 years"	"40"	224	"6,77"	"TP53 p.F212fs; KEAP1 p.V155F; CREBBP p.C1408Y; PIK3CA p.C420R; CDKN2A p.W110*; TSC1 p.P366Q"	""	""	"classical"
"TCGA-18-3408"	"FEMALE"	"77"	"T2"	"N0"	"M0"	"Current reformed smoker for < or = 15 years"	"30"	98	"2,97"	"TP53 p.C242F; CREBBP p.R1140Q; FOXP1 p.G433fs"	"SOX2, EGFR, PIK3CA"	""	"classical"
"TCGA-18-3409"	"MALE"	"74"	"T1"	"N0"	"M0"	"Current reformed smoker for > 15 years"	"20"	2335	"69,60"	"TP53 p.N210fs; KEAP1 p.P318L; NOTCH2 p.C442S; FBXW7 p.R179C; SMARCA4 p.P12F; TNFAIP3 p.P467H; AKT3 p.E131K"	""	""	"secretory"
"TCGA-18-3410"	"MALE"	"81"	"T3"	"N0"	"M0"	"Current reformed smoker for > 15 years"	"N/A"	351	"10,45"	"TP53 p.R213G; PIK3CA p.E545K; NF1 p.G984W"	"CCND1"	"CDKN2A"	"secretory"
"TCGA-18-3411"	"FEMALE"	"63"	"T2"	"N2"	"M0"	"Current smoker"	"50"	353	"10,56"	"TP53 p.E298*; MLL2 p.G4272D; NFE2L2 p.R34G; NOTCH2 p.G1336_splice; CREBBP p.G57V; CDKN2A p.L113fs"	"SOX2, PIK3CA, NRAS, AKT3, NOTCH2"	""	"classical"
"TCGA-18-3412"	"MALE"	"52"	"T2"	"N0"	"M0"	"Current reformed smoker for > 15 years"	"25"	245	"7,42"	"APC p.L1393I; CREBBP p.H2384Q; CDKN2A p.D108G; NF1 p.D2632V"	"SOX2, PIK3CA, FGFR1, CCND1, PDGFRA"	"FOXP1"	"classical"
"TCGA-18-3414"	"MALE"	"73"	"T4"	"N1"	"M1"	"Current reformed smoker for < or = 15 years"	"25"	383	"11,37"	"TP53 p.R273L; MLL2 p.L5050R; PIK3CA p.G118D; HRAS p.G13C"	""	"CDKN2A"	"basal"
"TCGA-18-3415"	"MALE"	"77"	"T2"	"N0"	"M0"	"Current reformed smoker for > 15 years"	"30"	171	"5,00"	"TP53 p.R282H; NFE2L2 p.G31A"	"SOX2,PIK3CA"	"CDKN2A, PTEN, NOTCH2, NRAS"	"classical"
"TCGA-18-3416"	"MALE"	"83"	"T2"	"N1"	"M0"	"Current reformed smoker for > 15 years"	"40"	528	"16,02"	"TP53 p.G244fs; MLL2 p.G1320*; CDKN2A p.E119*"	"SOX2, PIK3CA, FGFR1, NFE2L2, CCND1"	"CUL3, HLA-A"	"classical"
"TCGA-18-3417"	"MALE"	"65"	"T2"	"N1"	"M1"	"Current reformed smoker for > 15 years"	"25"	241	"6,76"	"PTEN p.K128Q"	"SOX2, PIK3CA"	""	"secretory"
"TCGA-18-3419"	"MALE"	"73"	"T2"	"N1"	"M0"	"Current reformed smoker for < or = 15 years"	"50"	479	"13,99"	"TP53 p.D259F; HLA-A p.S129*; CREBBP p.L2330R; FGFR1 p.W471L"	"FGFR1"	""	"basal"
"TCGA-18-3421"	"MALE"	"65"	"T2"	"N0"	"M0"	"Current reformed smoker for < or = 15 years"	"40"	454	"13,50"	"TP53 p.V172G; PTEN p.E235*; RASA1 p.P636Q"	"MYC"	""	"basal"
"TCGA-18-4083"	"MALE"	"63"	"T2"	"N1"	"M0"	"Current smoker"	"45"	279	"7,72"	"TP53 p.T155P; MLL2 p.E5507D; FBXW7 p.R505G"	"SOX2, PIK3CA"	"CDKN2A, CUL3"	"classical"
"TCGA-18-4086"	"MALE"	"64"	"T2"	"N0"	"M0"	"Current reformed smoker for < or = 15 years"	"30"	136	"3,90"	"TP53 p.V225_splice; RB1 p.D68G"	""	"CDKN2A, RB1"	"classical"
"TCGA-18-4721"	"MALE"	"74"	"T1"	"N0"	"M0"	"Current reformed smoker for < or = 15 years"	"N/A"	133	"3,71"	"NFE2L2 p.R34Q; CUL3 p.E238*; NF1 p.Q181H"	"SOX2, PIK3CA, FGFR1, NFE2L2, MYC, AKT1, NOTCH2"	""	"classical"
"TCGA-18-5592"	"MALE"	"57"	"T3"	"N0"	"M0"	"Current reformed smoker for > 15 years"	"40"	254	"7,02"	"TP53 p.H179L; NFE2L2 p.D77G; NOTCH1 p.G977*; CUL3 p.T460_splice"	"EGFR"	"CDKN2A"	"classical"
"TCGA-18-5595"	"MALE"	"50"	"T2"	"N0"	"M0"	"Lifelong Non-smoker"	"N/A"	192	"5,34"	"KEAP1 p.E493D, p.R260Q; FBXW7 p.R505S; PIK3CA p.E545K, p.E726K; CUL3 p.S255*"	"SOX2, PIK3CA"	""	"classical"
"TCGA-21-1070"	"FEMALE"	"60"	"T3"	"N0"	"M0"	"Current reformed smoker for < or = 15 years"	"15"	448	"12,41"	"TP53 p.G245C; NOTCH2 p.G329C; PDYN p.K224N; FAM123B p.R696S; RASA1 p.W317*"	"SOX2, PIK3CA"	"FOXP1"	"basal"
"TCGA-21-1071"	"MALE"	"67"	"T2"	"N0"	"M0"	"Current smoker"	"90"	163	"4,56"	"NFE2L2 p.T80K; PIK3CA p.E545K"	""	"CDKN2A"	"classical"
"TCGA-21-1076"	"FEMALE"	"54"	"T2"	"N0"	"M0"	"Current reformed smoker for > 15 years"	"35"	265	"7,38"	"TP53 p.Y163C; SMARCA4 p.D694Y; RASA1 p.M802I"	"SOX2, PIK3CA"	"NRAS"	"secretory"
"TCGA-21-1077"	"MALE"	"64"	"T2"	"N1"	"M0"	"Current reformed smoker for > 15 years"	"56"	182	"5,00"	"KEAP1 p.D422N"	""	""	"classical"
"TCGA-21-1078"	"MALE"	"77"	"T2"	"N0"	"M0"	"Current reformed smoker for < or = 15 years"	"9"	62	"1,71"	"MLL2 p.Q3745*; FBXW7 p.R465H; CREBBP p.R1446C; FGFR3 p.R248C; PIK3CA p.D538N, p.E542K; KRAS p.C118S"	""	""	"primitive"
"TCGA-21-1081"	"MALE"	"69"	"T2"	"N1"	"M0"	"Current reformed smoker for < or = 15 years"	"45"	162	"4,48"	"CREBBP p.Y1298C, p.Q943*"	"SOX2, PIK3CA, FGFR1, ERBB2"	"PTEN"	"basal"
"TCGA-21-5782"	"FEMALE"	"68"	"T2"	"N0"	"M0"	"Current reformed smoker for < or = 15 years"	"48"	332	"9,79"	"TP53 p.I195S; HLA-A p.D207_splice; NOTCH1 p.V2038L; FGFR2 p.T786K; PIK3CA p.H1047R"	"SOX2, PIK3CA, CCND1"	""	"basal"
"TCGA-21-5784"	"FEMALE"	"80"	"T2a"	"N0"	"M0"	"Current smoker"	"14"	182	"5,35"	"TP53 p.W91*; NOTCH2 p.V1664L"	"FGFR1"	""	"basal"
"TCGA-21-5786"	"MALE"	"64"	"T2"	"N0"	"M0"	"Current smoker"	"75"	333	"9,94"	"TP53 p.V157F; SMARCA4 p.R521P; PDGFRA p.D836E; CDKN2A p.A20E; HRAS p.Q61R"	""	""	"basal"
"TCGA-21-5787"	"MALE"	"65"	"T2"	"N2"	"M0"	"Current reformed smoker for < or = 15 years"	"100"	359	"10,72"	"TP53 p.C176Y; PDYN p.A164P; PDGFRA p.E225D; CDKN2A p.G106_splice; AKT3 p.W22C; BRAF p.G469R; STK11 p.M51fs"	"MYC"	""	"secretory"
"TCGA-22-0944"	"MALE"	"61"	"T2"	"N0"	"M0"	"Current smoker"	"38"	103	"2,84"	"TP53 p.Y234C"	"SOX2, PIK3CA, NFE2L2, ERBB2"	"RASA1"	"classical"
"TCGA-22-1002"	"MALE"	"69"	"T1"	"N0"	"M0"	"Current reformed smoker for < or = 15 years"	"85"	199	"5,51"	"MLL2 p.R5179L, p.S1385I; PDGFRA p.R500L"	"FGFR1, CCND1"	"CDKN2A"	"secretory"
"TCGA-22-1011"	"MALE"	"73"	"T2"	"N0"	"M0"	"Current smoker"	"83"	91	"2,52"	"TP53 p.E271K"	"CCND1"	""	"basal"
"TCGA-22-1012"	"FEMALE"	"80"	"T2"	"N0"	"M0"	"Current reformed smoker for > 15 years"	"60"	229	"6,35"	"TP53 p.E224D; FBXW7 p.E655*; CDKN2A p.S12*"	""	""	"classical"
"TCGA-22-1016"	"MALE"	"65"	"T2"	"N0"	"M0"	"Current reformed smoker for > 15 years"	"40"	281	"7,79"	"TP53 p.Y220C; MLL2 p.Q3333*; NOTCH1 p.K428*"	""	""	"secretory"
"TCGA-22-4591"	"MALE"	"80"	"T3"	"N2"	"M0"	"Current smoker"	"N/A"	189	"5,43"	""	""	""	"primitive"
"TCGA-22-4593"	"MALE"	"77"	"T2b"	"N0"	"M0"	"Current reformed smoker for < or = 15 years"	"30"	157	"4,36"	"TP53 p.D49fs; FBXW7 p.G667fs; CDKN2A p.P114L"	""	"TP53"	"primitive"
"TCGA-22-4595"	"MALE"	"57"	"T3"	"N2"	"N/A"	"Current smoker"	"37"	275	"7,59"	"TP53 p.P250L"	"SOX2, PIK3CA"	"RB1, NF1, BRAF, HRAS, ERBB2, FGFR3, TP53"	"basal"
"TCGA-22-4599"	"FEMALE"	"73"	"T2a"	"N0"	"M0"	"Current smoker"	"25"	317	"8,89"	"TP53 p.G245C; KEAP1 p.V155F; MLL2 p.A3219fs; PTEN p.K327fs; CDKN2A p.D108Y"	""	""	"primitive"
"TCGA-22-4601"	"FEMALE"	"73"	"T4"	"N0"	"M0"	"Current smoker"	"60"	168	"4,72"	"TP53 p.R273C; EGFR p.P1019L; RB1 p.K228fs"	""	""	"classical"
"TCGA-22-4604"	"MALE"	"73"	"T2a"	"N1"	"M0"	"Current smoker"	"50"	228	"6,20"	"TP53 p.R196*; FBXW7 p.G517E; NF1 p.M1981V"	""	"CDKN2A"	"classical"
"TCGA-22-4607"	"MALE"	"75"	"T2a"	"N0"	"M0"	"Current reformed smoker for > 15 years"	"20"	84	"2,37"	"TP53 p.C176F; RB1 p.V70fs"	""	""	"basal"
"TCGA-22-4613"	"FEMALE"	"73"	"T1b"	"N0"	"M0"	"Current reformed smoker for > 15 years"	"30"	535	"15,03"	"TP53 p.Y236C; SOX2 p.M45L; PIK3CA p.E545K; ASCL4 p.C47*; NF1 p.C904*"	"SOX2, PIK3CA"	""	"classical"
"TCGA-22-5471"	"MALE"	"75"	"T2a"	"N0"	"M0"	"Current reformed smoker for < or = 15 years"	"50"	210	"6,27"	"TP53 p.R248W; NF1 p.S82C; TSC2 p.S1095_splice"	""	"CDKN2A"	"classical"
"TCGA-22-5472"	"MALE"	"67"	"T2a"	"N0"	"M0"	"Current reformed smoker for < or = 15 years"	"35"	320	"9,54"	"NF1 p.S2355_splice; RASA1 p.R709*"	""	""	"basal"
"TCGA-22-5473"	"MALE"	"78"	"T3"	"N0"	"M0"	"Current reformed smoker for > 15 years"	"45"	654	"18,16"	"TP53 p.E298*; MLL2 p.V1561L, p.G1387V; NFE2L2 p.Q26P; PIK3CA p.E542K"	"SOX2, PIK3CA, EGFR"	"CDKN2A"	"classical"
"TCGA-22-5474"	"MALE"	"74"	"T2a"	"N0"	"M0"	"Current reformed smoker for < or = 15 years"	"50"	92	"2,70"	"TP53 p.Y234S; NFE2L2 p.E79Q"	"SOX2, PIK3CA"	"CDKN2A"	"classical"
"TCGA-22-5477"	"MALE"	"65"	"T1"	"N0"	"M0"	"Current smoker"	"100"	133	"4,01"	"TP53 p.V157F; MLL2 p.E2393*; NFE2L2 p.R34Q; PDYN p.R215C; CDKN2A p.D108Y"	""	""	"classical"
"TCGA-22-5478"	"MALE"	"79"	"T2a"	"N0"	"M0"	"Current reformed smoker for < or = 15 years"	"N/A"	151	"4,46"	"TP53 p.R280I; TSC1 p.P419fs"	""	""	"secretory"
"TCGA-22-5480"	"FEMALE"	"66"	"T1b"	"N0"	"M0"	"Current reformed smoker for < or = 15 years"	"50"	127	"3,81"	"TP53 p.R110L; NOTCH1 p.N390S"	"FGFR1"	""	"secretory"
"TCGA-22-5482"	"MALE"	"81"	"T2a"	"N0"	"M0"	"Current reformed smoker for < or = 15 years"	"60"	135	"4,00"	"TP53 p.Y126_splice; MLL2 p.H2315Q; NFE2L2 p.F37del; FGFR2 p.E470Q; RASA1 p.I905N"	""	""	"classical"
"TCGA-22-5485"	"FEMALE"	"58"	"T1a"	"N0"	"M0"	"Current smoker"	"60"	176	"5,22"	"TP53 p.162_163insI; NOTCH1 p.Y550N; ERBB2 p.G1057V"	"SOX2, PIK3CA, AKT2"	""	"classical"
"TCGA-22-5489"	"MALE"	"64"	"T1b"	"N0"	"M0"	"Current reformed smoker for < or = 15 years"	"70"	206	"6,03"	"TP53 p.R306*; PIK3CA p.E65K; PTEN p.L320*"	"SOX2, PIK3CA"	"CDKN2A"	"secretory"
"TCGA-22-5491"	"MALE"	"74"	"T1a"	"N0"	"M0"	"Current smoker"	"57"	308	"8,62"	"TP53 p.P151R; NOTCH1 p.S2471*, p.P2469S; PIK3CA p.E545K"	""	""	"classical"
"TCGA-22-5492"	"FEMALE"	"73"	"T2a"	"N2"	"M0"	"Current reformed smoker for < or = 15 years"	"50"	184	"5,56"	"TP53 p.E221*; NOTCH1 p.R1784L; SMAD4 p.D537E; APC p.S320*; CDKN2A p.Y44fs"	""	""	"secretory"
"TCGA-33-4532"	"MALE"	"68"	"T2"	"N0"	"M0"	"Current smoker"	"53"	322	"8,77"	"TP53 p.M237I; KEAP1 p.N469fs; CREBBP p.Y1450D; FGFR1 p.R445W"	""	""	"classical"
"TCGA-33-4533"	"FEMALE"	"76"	"T2"	"N0"	"M0"	"Current reformed smoker for < or = 15 years"	"50"	255	"6,98"	"TP53 p.E298*; RB1 p.G89_splice; FOXP1 p.Q140H; NF1 p.E2231*; TSC1 p.R968S"	""	""	"primitive"
"TCGA-33-4538"	"MALE"	"66"	"T2"	"N2"	"M0"	"Current smoker"	"51"	160	"4,55"	"TP53 p.H214R; KEAP1 p.L310P; MLL2 p.Q1302_splice; NOTCH2 p.Q1348H; CDKN2A p.V82fs"	"SOX2, PIK3CA, NFE2L2, NF1"	""	"classical"
"TCGA-33-4547"	"MALE"	"68"	"T2"	"N0"	"M0"	"Current reformed smoker for > 15 years"	"40"	185	"5,25"	"TP53 p.E271K; SMAD4 p.E526*; PIK3CA p.E726K"	"FGFR1"	""	"basal"
"TCGA-33-4566"	"MALE"	"40"	"T2"	"N0"	"M0"	"Current smoker"	"20"	1080	"30,33"	"TP53 p.K164E; PDGFRA p.G72V; ASCL4 p.Q132*; NF1 p.L2668Q"	""	"CDKN2A"	"secretory"
"TCGA-33-4582"	"MALE"	"55"	"T1"	"N0"	"M0"	"Current smoker"	"86"	161	"4,63"	"TP53 p.P278S"	"SOX2, PIK3CA, NFE2L2, PDGFRA, HLA-A"	""	"classical"
"TCGA-33-4583"	"MALE"	"73"	"T1"	"N0"	"M0"	"Current reformed smoker for < or = 15 years"	"46"	453	"12,62"	"TP53 p.R249W, p.R158L; NOTCH1 p.G1215_splice; PIK3CA p.E545K; PTEN p.Y346*"	""	""	"classical"
"TCGA-33-4586"	"MALE"	"57"	"T2"	"N2"	"M0"	"Current reformed smoker for < or = 15 years"	"108"	299	"8,42"	"TP53 p.R248Q; NFE2L2 p.D29Y; PDGFRA p.L593I"	""	"CDKN2A"	"classical"
"TCGA-33-6737"	"MALE"	"71"	"T2"	"N2"	"M0"	"Current reformed smoker for < or = 15 years"	"20"	375	"10,45"	"TP53 p.T284P, p.L111Q; SMARCA4 p.E861K; SMAD4 p.Q289*; BRAF p.G466V"	""	"CDKN2A"	"secretory"
"TCGA-34-2596"	"MALE"	"70"	"T2"	"N1"	"M0"	"Current reformed smoker for > 15 years"	"60"	212	"5,93"	"TP53 p.K305*; MLL2 p.Y5443*; NFE2L2 p.D29G; CDKN2A p.D108Y; BRAF p.D380H"	"SOX2, PIK3CA, BRAF"	"PTEN"	"classical"
"TCGA-34-2600"	"FEMALE"	"76"	"T1"	"N0"	"M0"	"Current reformed smoker for < or = 15 years"	"50"	434	"12,15"	"TP53 p.G266V; CREBBP p.Q503*; FGFR3 p.S249C; ERBB2 p.E1021Q; PDGFRA p.D842H; HRAS p.Q61K"	""	""	"basal"
"TCGA-34-2608"	"MALE"	"84"	"T2"	"N0"	"M0"	"Current reformed smoker for < or = 15 years"	"N/A"	127	"3,53"	"TP53 p.R158L; NFE2L2 p.D27H, p.W24C; CCND1 p.E162K"	""	""	"secretory"
"TCGA-34-5231"	"MALE"	"72"	"T1"	"N0"	"M0"	"N/A"	"50"	546	"15,14"	"NOTCH2 p.A7P; CDKN2A p.A118P; BRAF p.A621_splice"	"SOX2, PIK3CA, FGFR1, CCND1, AKT3"	""	"primitive"
"TCGA-34-5232"	"FEMALE"	"75"	"T1"	"N1"	"M0"	"N/A"	"N/A"	151	"4,20"	"TP53 p.D281Y; PIK3CA p.R38L"	"SOX2, PIK3CA"	""	"basal"
"TCGA-34-5234"	"FEMALE"	"71"	"T1"	"N0"	"M0"	"Current reformed smoker for > 15 years"	"N/A"	162	"4,82"	""	""	""	"secretory"
"TCGA-34-5236"	"MALE"	"60"	"T3"	"N0"	"M0"	"N/A"	"N/A"	189	"5,29"	"TP53 p.K132R; NFE2L2 p.R34P; NOTCH1 p.G957W"	"SOX2, PIK3CA, EGFR"	""	"classical"
"TCGA-34-5239"	"MALE"	"75"	"T4"	"N0"	"M0"	"N/A"	"N/A"	201	"5,61"	"TP53 p.T125_splice; PDYN p.82_83LG>FW"	"CCND1"	"NF1"	"secretory"
"TCGA-34-5240"	"FEMALE"	"73"	"T2"	"N1"	"M0"	"Current smoker"	"56"	136	"3,81"	"TP53 p.G245S; NFE2L2 p.D29H; PDGFRA p.D388E; RB1 p.S127_splice; HRAS p.G13R"	""	"NOTCH1, TSC1, AKT1, ERBB2, TP53"	"classical"
"TCGA-34-5241"	"MALE"	"79"	"T2"	"N0"	"M0"	"Current reformed smoker for > 15 years"	"25"	1	"0,03"	""	""	""	"basal"
"TCGA-34-5927"	"FEMALE"	"70"	"T1"	"N0"	"M0"	"N/A"	"N/A"	238	"6,65"	"TP53 p.S183*; MLL2 p.R2217H; NOTCH2 p.N1059K; FAM123B p.V147L"	""	""	"primitive"
"TCGA-34-5928"	"FEMALE"	"83"	"T2"	"N1"	"M0"	"Current reformed smoker for > 15 years"	"40"	334	"9,29"	"TP53 p.G262V; MLL2 p.D3560N; NOTCH2 p.E454D; PDYN p.R174H; CUL3 p.S53R; NF1 p.P566A"	"AKT3"	""	"secretory"
"TCGA-34-5929"	"FEMALE"	"78"	"T2"	"N0"	"M0"	"Current reformed smoker for > 15 years"	"40"	171	"4,76"	"TP53 p.R282W; HLA-A p.Q78R; FAM123B p.C143F"	"SOX2, PIK3CA, ERBB2"	"CDKN2A"	"primitive"
"TCGA-37-3783"	"MALE"	"51"	"T3"	"N2"	"M0"	"N/A"	"N/A"	315	"8,61"	"TP53 p.R273H; PIK3CA p.H1047R; BRAF p.R95T"	""	"CDKN2A"	"basal"
"TCGA-37-3789"	"MALE"	"65"	"T2"	"N0"	"N/A"	"Lifelong Non-smoker"	"N/A"	549	"16,54"	"TP53 p.R65*; MLL2 p.C1408F, p.E1158*; EGFR p.R803M, p.W200C, p.G339*, p.R533M; ERBB2 p.G152V"	""	""	"basal"
"TCGA-37-4133"	"MALE"	"63"	"T4"	"N0"	"M0"	"Current reformed smoker for > 15 years"	"40"	242	"6,70"	"TP53 p.V218del; KEAP1 p.S243C; MLL2 p.E4970*"	""	""	"classical"
"TCGA-37-4135"	"MALE"	"68"	"T2"	"N0"	"M0"	"Current reformed smoker for > 15 years"	"45"	245	"6,84"	"TP53 p.E68*; MLL2 p.P1084L; NFE2L2 p.Q26L; CDKN2A p.M53I"	""	""	"primitive"
"TCGA-37-4141"	"FEMALE"	"65"	"T1b"	"N0"	"M0"	"Lifelong Non-smoker"	"N/A"	283	"7,84"	"TP53 p.C242F; SMARCA4 p.E659*; CUL3 p.K731M; ASCL4 p.A56G; BRAF p.Q609H"	""	""	"primitive"
"TCGA-37-5819"	"MALE"	"64"	"T2"	"N2"	"M0"	"Current reformed smoker for > 15 years"	"45"	639	"19,06"	"TP53 p.C242F; KEAP1 p.G480W; HLA-A p.Y233*, p.W298*; PIK3CA p.G106V; STK11 p.G279fs"	"SOX2, PIK3CA, AKT2, ASCL4"	""	"primitive"
"TCGA-39-5016"	"MALE"	"44"	"T2a"	"N1"	"M0"	"Current reformed smoker for < or = 15 years"	"40"	297	"8,34"	"TP53 p.R175G; CUL3 p.V677F; TSC1 p.R1027Q"	"SOX2, PIK3CA, PDGFRA"	"SMAD4"	"classical"
"TCGA-39-5019"	"MALE"	"70"	"T2a"	"N0"	"M0"	"Current reformed smoker for > 15 years"	"30"	150	"4,16"	"TP53 p.E271*"	""	"CDKN2A"	"classical"
"TCGA-39-5021"	"MALE"	"70"	"T2a"	"N0"	"M0"	"Current reformed smoker for > 15 years"	"114"	123	"3,46"	"TP53 p.C141W; RB1 p.L88F; CUL3 p.V677_splice, p.E243K"	"SOX2, PIK3CA"	""	"primitive"
"TCGA-39-5022"	"MALE"	"76"	"T2a"	"N0"	"M0"	"Current reformed smoker for < or = 15 years"	"35"	250	"6,93"	"NFE2L2 p.E79Q"	"SOX2, PIK3CA"	""	"secretory"
"TCGA-39-5024"	"FEMALE"	"65"	"T2a"	"N2"	"M0"	"Current reformed smoker for < or = 15 years"	"40"	181	"5,04"	"TP53 p.A307_splice; HLA-A p.Q120H; PTEN p.G129E"	""	"CDKN2A"	"basal"
"TCGA-39-5027"	"MALE"	"73"	"T2a"	"N0"	"M0"	"Current reformed smoker for < or = 15 years"	"40"	282	"7,89"	"TP53 p.F270I; MLL2 p.C5035F, p.Q2166*; PTEN p.D92H, p.R130Q; CDKN2A p.W110*"	"SOX2, PIK3CA, EGFR, PDGFRA"	""	"classical"
"TCGA-39-5028"	"MALE"	"75"	"T4"	"N1"	"M0"	"Current reformed smoker for > 15 years"	"30"	171	"4,76"	"TP53 p.P278L; CDKN2A p.D108N"	"FGFR1"	""	"basal"
"TCGA-39-5029"	"MALE"	"67"	"T1b"	"N2"	"M0"	"Current reformed smoker for > 15 years"	"192"	128	"3,58"	"TP53 p.R213*"	"FGFR1"	""	"basal"
"TCGA-39-5030"	"FEMALE"	"81"	"T2a"	"N2"	"M0"	"Current reformed smoker for > 15 years"	"8"	232	"6,45"	"MLL2 p.R4904*; APC p.P1381S; TNFAIP3 p.R136H"	""	""	"secretory"
"TCGA-39-5031"	"FEMALE"	"76"	"T1a"	"N0"	"M0"	"Current reformed smoker for < or = 15 years"	"60"	526	"14,67"	"TP53 p.Y103*; KEAP1 p.R15L; NOTCH2 p.Q1392*; CREBBP p.S2315C, p.S1767L; RB1 p.S127I; FOXP1 p.A645D; BRAF p.G464V"	""	""	"basal"
"TCGA-39-5035"	"FEMALE"	"72"	"T1b"	"N0"	"M0"	"Current reformed smoker for < or = 15 years"	"47"	130	"3,66"	"TP53 p.R158H; ERBB2 p.P122L"	""	""	"secretory"
"TCGA-39-5036"	"MALE"	"73"	"T2"	"N0"	"M0"	"Current reformed smoker for < or = 15 years"	"63"	259	"7,23"	"TP53 p.V143fs; KEAP1 p.G423V; MLL2 p.G1928fs"	""	""	"classical"
"TCGA-39-5037"	"MALE"	"65"	"T1b"	"N1"	"M0"	"Current smoker"	"26"	201	"5,65"	"TP53 p.H179D; NOTCH1 p.D2020H; SMARCA4 p.P109L"	""	"CDKN2A, FGFR3"	"classical"
"TCGA-39-5039"	"MALE"	"76"	"T2b"	"N0"	"M0"	"Current reformed smoker for > 15 years"	"64"	148	"4,14"	""	""	""	"basal"
"TCGA-43-2578"	"FEMALE"	"59"	"T1"	"N0"	"M0"	"Current reformed smoker for < or = 15 years"	"64"	264	"7,38"	"KEAP1 p.V167F; PTEN p.Q171K; RB1 p.S634*"	"PDGFRA"	""	"primitive"
"TCGA-43-3394"	"MALE"	"52"	"T2a"	"N0"	"M0"	"Current smoker"	"15"	186	"5,57"	"MLL2 p.R3087L; APC p.S966G; CDKN2A p.P3fs; NF1 p.E1734V"	""	""	"classical"
"TCGA-43-3920"	"MALE"	"70"	"T2"	"N0"	"M0"	"Current reformed smoker for < or = 15 years"	"50"	361	"10,91"	"TP53 p.H193L; PTEN p.Q245*; RASA1 p.E126K"	""	"CDKN2A"	"basal"
"TCGA-43-5668"	"MALE"	"78"	"T1b"	"N1"	"M0"	"Current reformed smoker for > 15 years"	"20"	542	"16,07"	"TP53 p.R273L; FAM123B p.S93I; CREBBP p.T228A"	""	""	"secretory"
"TCGA-43-6143"	"MALE"	"70"	"T2"	"N0"	"M0"	"Current reformed smoker for < or = 15 years"	"114"	282	"7,92"	"TP53 p.H214R; KEAP1 p.I506V; RB1 p.A392fs"	"SOX2, PIK3CA, SMAD4"	""	"primitive"
"TCGA-43-6647"	"FEMALE"	"69"	"T2b"	"N1"	"MX"	"Current reformed smoker for < or = 15 years"	"36"	146	"4,07"	"TP53 p.R248L; FAM123B p.T412P; SMAD4 p.S204Y; TSC2 p.E1113*"	"FGFR1, PDGFRA"	"CDKN2A"	"secretory"
"TCGA-43-6770"	"FEMALE"	"59"	"T2a"	"N0"	"MX"	"Current smoker"	"34"	191	"5,29"	"TP53 p.Y205C"	"SOX2, PIK3CA"	""	"classical"
"TCGA-43-6771"	"MALE"	"85"	"T2"	"N0"	"MX"	"Current reformed smoker for > 15 years"	"40"	170	"4,74"	""	"CCND1"	"CDKN2A, SMARCA4, KEAP1"	"basal"
"TCGA-46-3765"	"FEMALE"	"59"	"T1"	"N0"	"M0"	"Current smoker"	"N/A"	451	"13,39"	"MLL2 p.R371_splice; NFE2L2 p.L30F; CDKN2A p.H98P"	"SOX2, FGFR1, NFE2L2"	""	"classical"
"TCGA-46-3766"	"FEMALE"	"62"	"T1"	"N0"	"M0"	"Current reformed smoker for < or = 15 years"	"N/A"	1	"0,03"	""	"SOX2, PIK3CA, CCND1, MYC"	""	"secretory"
"TCGA-46-3767"	"MALE"	"76"	"T1a"	"N0"	"M0"	"Current reformed smoker for > 15 years"	"N/A"	275	"8,16"	"TP53 p.H193R; PIK3CA p.G320V; AKT1 p.E17K"	""	""	"secretory"
"TCGA-46-3768"	"MALE"	"58"	"T3"	"N1"	"M0"	"Current reformed smoker for < or = 15 years"	"N/A"	370	"11,14"	"TP53 p.R248P; NFE2L2 p.D29H"	"SOX2, PIK3CA"	""	"primitive"
"TCGA-46-3769"	"MALE"	"57"	"T4"	"N0"	"M0"	"Current reformed smoker for < or = 15 years"	"N/A"	741	"21,93"	"TP53 p.D207fs; NOTCH2 p.E492G; PDYN p.Y162N; EGFR p.P589L; PDGFRA p.V982L; NF1 p.L2605F"	""	""	"secretory"
"TCGA-46-6025"	"MALE"	"71"	"T2b"	"N1"	"M0"	"Current reformed smoker for < or = 15 years"	"N/A"	165	"4,60"	"TP53 p.V172F; KEAP1 p.Q75*; CREBBP p.P814L; TSC2 p.R901H"	"SOX2, PIK3CA, EGFR, ERBB2"	"PTEN, FOXP1, NRAS"	"classical"
"TCGA-46-6026"	"MALE"	"81"	"T2a"	"N1"	"M0"	"Current reformed smoker for > 15 years"	"N/A"	175	"4,93"	"TP53 p.LTI252del"	""	""	"primitive"
"TCGA-51-4079"	"FEMALE"	"73"	"T2"	"N0"	"N/A"	"Current reformed smoker for < or = 15 years"	"25"	321	"8,88"	"TP53 p.D48fs; NFE2L2 p.G81V; NOTCH1 p.Q2361*; FGFR3 p.K715M; PIK3CA p.E545K; TSC1 p.Q794*"	"SOX2, PIK3CA"	""	"classical"
"TCGA-51-4080"	"MALE"	"65"	"T4"	"N1"	"N/A"	"Current reformed smoker for < or = 15 years"	"N/A"	245	"6,79"	"TP53 p.R337L; CDKN2A p.E120*"	""	""	"classical"
"TCGA-51-4081"	"MALE"	"55"	"T2a"	"N1"	"M0"	"Current smoker"	"80"	172	"4,75"	"TP53 p.R273L, p.G154V; KEAP1 p.V418L; NFE2L2 p.L30F; FBXW7 p.R479*; NF1 p.L923V"	""	"CDKN2A"	"classical"
"TCGA-56-1622"	"MALE"	"58"	"T2"	"N0"	"M0"	"Current reformed smoker for < or = 15 years"	"86"	164	"4,59"	"TP53 p.R337L; RB1 p.R451C"	""	""	"primitive"
"TCGA-56-5897"	"MALE"	"74"	"T1b"	"N0"	"MX"	"Current reformed smoker for > 15 years"	"N/A"	90	"2,66"	"TP53 p.R213*; MLL2 p.S1812*; NFE2L2 p.E79Q; PTEN p.S59*"	""	"CDKN2A"	"basal"
"TCGA-56-5898"	"MALE"	"69"	"T1b"	"N0"	"M0"	"Current smoker"	"N/A"	123	"3,65"	"TP53 p.Y163C"	""	""	"classical"
"TCGA-56-6545"	"FEMALE"	"77"	"T2a"	"N0"	"M0"	"Current reformed smoker for < or = 15 years"	"N/A"	250	"7,02"	"TP53 p.V157F; MLL2 p.E668*"	"PIK3CA, EGFR"	""	"secretory"
"TCGA-56-6546"	"MALE"	"67"	"T2b"	"N0"	"MX"	"Current reformed smoker for < or = 15 years"	"N/A"	291	"8,13"	"TP53 p.H179Y; PDYN p.G176W; ERBB3 p.G623E; PTEN p.L247F, p.P248H; RASA1 p.E734*"	"FGFR1"	""	"secretory"
"TCGA-60-2698"	"MALE"	"62"	"T2"	"N1"	"M0"	"Current reformed smoker for < or = 15 years"	"N/A"	1040	"28,87"	"TP53 p.R213*; MLL2 p.Q1377R; HLA-A p.E299_splice; FBXW7 p.S678*; APC p.Q2403H; EGFR p.L210_splice; CDKN2A p.G150S; CUL3 p.L321F; NF1 p.D1481H; RASA1 p.S897_splice"	"SOX2, PIK3CA, CCND1, EGFR, KRAS, AKT2"	""	"secretory"
"TCGA-60-2707"	"MALE"	"70"	"T2"	"N0"	"M0"	"Current reformed smoker for > 15 years"	"49"	106	"2,95"	"TP53 p.P34fs; PTEN p.H61R; NF1 p.Q2492*"	"SOX2, PIK3CA"	"CDKN2A"	"basal"
"TCGA-60-2708"	"FEMALE"	"64"	"T2"	"N1"	"M0"	"Current reformed smoker for < or = 15 years"	"20"	170	"4,73"	"TP53 p.G154fs; EGFR p.S720C; NF1 p.Q2822H"	""	"PTEN"	"basal"
"TCGA-60-2709"	"MALE"	"69"	"T2"	"N0"	"MX"	"Current smoker"	"157,5"	159	"4,44"	"TP53 p.G245C; NFE2L2 p.G81S"	"SOX2, PIK3CA. FGFR1"	""	"secretory"
"TCGA-60-2710"	"FEMALE"	"67"	"T1"	"N1"	"M0"	"Current reformed smoker for < or = 15 years"	"63"	174	"4,83"	"TP53 p.G244D; KEAP1 p.R470C; FGFR2 p.W290C"	""	"PTEN"	"classical"
"TCGA-60-2711"	"FEMALE"	"64"	"T2"	"N0"	"M0"	"Current reformed smoker for < or = 15 years"	"39"	100	"2,80"	"TP53 p.L264fs"	""	""	"classical"
"TCGA-60-2712"	"FEMALE"	"79"	"T2"	"N1"	"M0"	"Current reformed smoker for > 15 years"	"10"	76	"2,12"	"FOXP1 p.Q280*"	"SOX2, PIK3CA"	"CDKN2A"	"secretory"
"TCGA-60-2713"	"MALE"	"64"	"T2"	"N0"	"M0"	"Current smoker"	"110"	209	"5,83"	"TP53 p.V73fs"	"SOX2"	"PTEN, FOXP1"	"primitive"
"TCGA-60-2715"	"MALE"	"51"	"T1"	"N0"	"M0"	"Current reformed smoker for < or = 15 years"	"25"	140	"3,90"	"PDGFRA p.I323V"	"SOX2, CCND1, PDGFRA"	""	"secretory"
"TCGA-60-2719"	"FEMALE"	"83"	"T1"	"N0"	"M0"	"Current reformed smoker for > 15 years"	"7"	150	"4,21"	"TP53 p.H193D"	"SOX2, PIK3CA"	""	"primitive"
"TCGA-60-2720"	"FEMALE"	"60"	"T2"	"N0"	"M0"	"Current reformed smoker for < or = 15 years"	"110"	364	"10,16"	"TP53 p.Y220C; FAM123B p.A133S; NF1 p.K248N"	""	""	"basal"
"TCGA-60-2721"	"MALE"	"73"	"T2"	"N0"	"M0"	"Current reformed smoker for < or = 15 years"	"93"	69	"1,93"	"TP53 p.E204*"	"SOX2, PIK3CA, FGFR1, PDGFRA"	""	"basal"
"TCGA-60-2722"	"MALE"	"66"	"T2"	"N1"	"M0"	"Current reformed smoker for < or = 15 years"	"90"	270	"7,54"	"TP53 p.H179R; KEAP1 p.G480W; FBXW7 p.R505G"	""	"CDKN2A"	"classical"
"TCGA-60-2723"	"FEMALE"	"74"	"T2"	"N0"	"M0"	"Current reformed smoker for < or = 15 years"	"58"	236	"6,56"	"TP53 p.E224_splice; KEAP1 p.L231V"	""	"HRAS"	"classical"
"TCGA-60-2724"	"MALE"	"47"	"T3"	"N1"	"M0"	"Current reformed smoker for < or = 15 years"	"60"	280	"7,81"	"TP53 p.G244C; PDYN p.G176E; TNFAIP3 p.G622C; PIK3CA p.D1045V"	"FGFR1"	""	"basal"
"TCGA-60-2725"	"MALE"	"74"	"T2"	"N0"	"M0"	"Current reformed smoker for > 15 years"	"56"	125	"3,48"	"CDKN2A p.D153N; TSC2 p.A1722P"	"CCND1"	""	"secretory"
"TCGA-60-2726"	"MALE"	"56"	"T2"	"N1"	"M0"	"Current reformed smoker for < or = 15 years"	"42"	225	"6,29"	"PIK3CA p.E542K; CDKN2A p.R58*"	"CCND1, NOTCH2"	"FGFR3, SMAD4"	"primitive"
"TCGA-63-5128"	"MALE"	"N/A"	"T2"	"N0"	"M0"	"Current reformed smoker for < or = 15 years"	"N/A"	255	"7,17"	"TP53 p.K320fs; ASCL4 p.G30R; BRAF p.V639I"	""	"PTEN, CDKN2A"	"classical"
"TCGA-63-5131"	"MALE"	"N/A"	"T2"	"N1"	"M0"	"Current reformed smoker for < or = 15 years"	"50"	247	"6,91"	"TP53 p.R158L; TSC2 p.Q200_splice"	"SOX2, PIK3CA, FGFR1"	"FGFR3"	"primitive"
"TCGA-63-6202"	"MALE"	"N/A"	"T2b"	"N0"	"M0"	"Current reformed smoker for < or = 15 years"	"35"	296	"8,27"	"TP53 p.R158L; MLL2 p.G3205V; KRAS p.Q61H"	""	""	"secretory"
"TCGA-66-2727"	"FEMALE"	"55"	"T2"	"N0"	"M0"	"Current reformed smoker for > 15 years"	"56"	246	"7,28"	"TP53 p.Y234C; MLL2 p.L3776fs; APC p.E868Q"	"SOX2, PIK3CA, FGFR1"	"PTEN"	"classical"
"TCGA-66-2734"	"FEMALE"	"62"	"T2"	"N0"	"M0"	"Current reformed smoker for < or = 15 years"	"40"	369	"10,91"	"TP53 p.R249S; PDGFRA p.L245I"	"SOX2, PIK3CA, FGFR1"	""	"basal"
"TCGA-66-2742"	"MALE"	"70"	"T2"	"N1"	"M1"	"Current reformed smoker for > 15 years"	"44"	186	"5,51"	"TP53 p.348_349LE>F*; NOTCH2 p.P6fs; EGFR p.L861Q; ERBB3 p.R1120G"	""	"CDKN2A"	"basal"
"TCGA-66-2744"	"MALE"	"71"	"T2"	"N1"	"M0"	"Current reformed smoker for < or = 15 years"	"63"	306	"9,09"	"TP53 p.R175G; MLL2 p.I1200M; RASA1 p.910_911LN>H"	""	""	"secretory"
"TCGA-66-2754"	"MALE"	"67"	"T2"	"N2"	"M0"	"Current reformed smoker for < or = 15 years"	"40"	294	"8,78"	"TP53 p.Q331H; KEAP1 p.W544C; NOTCH2 p.G1751C; RB1 p.K643*; STK11 p.G279fs"	""	""	"primitive"
"TCGA-66-2755"	"MALE"	"63"	"T2"	"N0"	"M0"	"Current reformed smoker for > 15 years"	"20"	168	"4,67"	"TP53 p.R273P; PIK3CA p.R108L; ASCL4 p.L28P"	""	"CDKN2A"	"secretory"
"TCGA-66-2756"	"MALE"	"68"	"T4"	"N0"	"M0"	"Current reformed smoker for < or = 15 years"	"N/A"	428	"12,06"	"TP53 p.R175G; KEAP1 p.V369L; PDYN p.P113Q; NF1 p.T482A, p.L2439F"	""	"CDKN2A"	"primitive"
"TCGA-66-2757"	"FEMALE"	"65"	"T1"	"N0"	"M0"	"Current reformed smoker for < or = 15 years"	"72"	227	"6,42"	"TP53 p.L111R"	"FGFR1, MYC"	""	"primitive"
"TCGA-66-2758"	"MALE"	"71"	"T2"	"N0"	"M0"	"Current reformed smoker for < or = 15 years"	"56"	279	"7,72"	"TP53 p.T125P; HRAS p.G13V"	"SOX2"	"CDKN2A, SMAD4"	"primitive"
"TCGA-66-2759"	"MALE"	"66"	"T2"	"N2"	"M0"	"Current reformed smoker for > 15 years"	"16"	362	"10,14"	"TP53 p.R249G; NOTCH1 p.S2211*; FAM123B p.P730S; PIK3CA p.E545K"	""	"CDKN2A"	"classical"
"TCGA-66-2763"	"FEMALE"	"63"	"T2"	"N0"	"M0"	"Current reformed smoker for < or = 15 years"	"40"	332	"9,25"	"TP53 p.P278A; MLL2 p.S920fs"	""	"RB1"	"basal"
"TCGA-66-2765"	"MALE"	"64"	"T2"	"N0"	"M0"	"Current reformed smoker for < or = 15 years"	"108"	90	"2,51"	"TP53 p.Q331_splice; MLL2 p.Q3360*, p.S1684T"	""	""	"basal"
"TCGA-66-2766"	"MALE"	"54"	"T2"	"N2"	"M0"	"Current reformed smoker for < or = 15 years"	"80"	312	"8,72"	"TP53 p.H193L; NFE2L2 p.G31A; PIK3CA p.E545K"	""	"CUL3, FOXP1, EGFR"	"classical"
"TCGA-66-2767"	"MALE"	"62"	"T2"	"N3"	"M0"	"Current reformed smoker for < or = 15 years"	"43"	295	"8,18"	"TP53 p.S261_splice; MLL2 p.G134_splice"	"CCND1, AKT2"	"CDKN2A"	"secretory"
"TCGA-66-2768"	"MALE"	"57"	"T2"	"N1"	"M0"	"Lifelong Non-smoker"	"N/A"	211	"5,89"	"TP53 p.Y163C; MLL2 p.K4207R"	"CCND1"	""	"basal"
"TCGA-66-2770"	"MALE"	"79"	"T2"	"N0"	"M0"	"Current reformed smoker for > 15 years"	"25"	196	"5,46"	"TP53 p.R267P; NFE2L2 p.E79Q; FGFR3 p.S249C"	"SOX2, PIK3CA"	"CDKN2A"	"classical"
"TCGA-66-2771"	"MALE"	"60"	"T2"	"N1"	"M0"	"Current reformed smoker for < or = 15 years"	"70"	225	"6,69"	"TNFAIP3 p.Y778C"	"AKT1"	"CDKN2A, PTEN, FOXP1"	"secretory"
"TCGA-66-2773"	"MALE"	"69"	"T2"	"N0"	"M0"	"Current reformed smoker for > 15 years"	"58"	487	"13,31"	"KEAP1 p.R470C, p.R320Q; MLL2 p.G2232S; PIK3CA p.E453K; ERBB3 p.L642V"	""	"CDKN2A"	"basal"
"TCGA-66-2777"	"MALE"	"71"	"T2"	"N0"	"M0"	"Current reformed smoker for < or = 15 years"	"12"	148	"4,08"	"TP53 p.R248L; KEAP1 p.S224Y; NF1 p.K2372N"	""	"CDKN2A"	"secretory"
"TCGA-66-2778"	"FEMALE"	"68"	"T2"	"N3"	"M0"	"Current reformed smoker for > 15 years"	"37"	120	"3,33"	""	"PDGFRA"	"PTEN, CDKN2A"	"basal"
"TCGA-66-2780"	"MALE"	"65"	"T2"	"N0"	"M0"	"Current reformed smoker for > 15 years"	"28"	110	"3,08"	"SMAD4 p.Q183*; FGFR2 p.K659N; RASA1 p.S1006*; TSC2 p.R1529L"	""	"CDKN2A"	"basal"
"TCGA-66-2781"	"MALE"	"67"	"T2"	"N0"	"M0"	"Current reformed smoker for < or = 15 years"	"80"	122	"3,41"	""	"SOX2, PIK3CA, FGFR1, AKT2"	"CDKN2A, APC, FGFR3, RASA1"	"basal"
"TCGA-66-2782"	"MALE"	"71"	"T3"	"N0"	"M0"	"Current reformed smoker for < or = 15 years"	"50"	288	"8,05"	"TP53 p.E287*; NF1 p.W336*"	"FGFR1, MYC"	""	"basal"
"TCGA-66-2783"	"MALE"	"67"	"T2"	"N3"	"M0"	"Current reformed smoker for < or = 15 years"	"65"	211	"5,79"	"TP53 p.I332_splice; NFE2L2 p.D29N; PTEN p.Q245*; RB1 p.R445_splice"	"SOX2, PIK3CA"	""	"classical"
"TCGA-66-2785"	"MALE"	"65"	"T2"	"N0"	"M0"	"Current reformed smoker for < or = 15 years"	"70"	1035	"28,87"	"SMARCA4 p.E1212D; PIK3CA p.E545K; MYC p.Q321E; CUL3 p.R751T; TSC1 p.S16C"	"SMARCA4, KEAP1"	"RASA1"	"secretory"
"TCGA-66-2786"	"FEMALE"	"68"	"T1"	"N0"	"M0"	"Current reformed smoker for < or = 15 years"	"74"	203	"5,68"	"TP53 p.R158G; HLA-A p.W228*; CDKN2A p.E27*"	""	""	"secretory"
"TCGA-66-2787"	"MALE"	"57"	"T1"	"N0"	"M0"	"Current reformed smoker for < or = 15 years"	"40"	514	"15,44"	"TP53 p.R158fs; NFE2L2 p.G81S; ERBB2 p.G1188W; CDKN2A p.Q50H"	"SOX2, PIK3CA, PDGFRA"	""	"classical"
"TCGA-66-2788"	"MALE"	"56"	"T2"	"N0"	"M0"	"Current reformed smoker for < or = 15 years"	"80"	178	"5,17"	"TP53 p.T125_splice; PDYN p.L163F; PTEN p.L193fs; NF1 p.I2003_splice"	""	"CDKN2A"	"basal"
"TCGA-66-2789"	"MALE"	"73"	"T1"	"N3"	"M0"	"Current reformed smoker for > 15 years"	"40"	321	"9,48"	"NOTCH1 p.C429S, p.R353C"	"FGFR1"	""	"secretory"
"TCGA-66-2791"	"MALE"	"66"	"T2"	"N3"	"M0"	"Current reformed smoker for < or = 15 years"	"25"	326	"9,65"	"TP53 p.G245V; ASCL4 p.P14T"	"SOX2, PIK3CA, NFE2L2, PDYN"	"AKT1"	"classical"
"TCGA-66-2792"	"MALE"	"58"	"T2"	"N1"	"M0"	"Current reformed smoker for < or = 15 years"	"10"	159	"4,71"	"TP53 p.R306*, p.R267P; FGFR1 p.P25Q; CDKN2A p.R80*"	"SOX2, PIK3CA, EGFR"	""	"classical"
"TCGA-66-2793"	"MALE"	"68"	"T4"	"N1"	"M0"	"Current reformed smoker for < or = 15 years"	"112"	264	"7,62"	"TP53 p.H179L; NOTCH1 p.G1165fs; PDYN p.R213C; CREBBP p.D1435Y"	""	""	"primitive"
"TCGA-66-2794"	"MALE"	"64"	"T4"	"N2"	"M0"	"Current reformed smoker for > 15 years"	"100"	134	"3,72"	"TP53 p.P278R"	"SOX2, PIK3CA"	"CDKN2A"	"classical"
"TCGA-66-2795"	"MALE"	"68"	"T4"	"N1"	"M0"	"Current reformed smoker for < or = 15 years"	"86"	403	"11,95"	"TP53 p.R158L; NFE2L2 p.R34Q; NOTCH1 p.W1075*; CREBBP p.P616R"	"SOX2, PIK3CA"	""	"classical"
"TCGA-66-2800"	"MALE"	"70"	"T4"	"N0"	"M0"	"Current reformed smoker for < or = 15 years"	"75"	191	"5,27"	"TP53 p.G245V; APC p.K561N; CUL3 p.R180_splice"	"SOX2, PIK3CA, FGFR1"	"CDKN2A"	"classical"
"TCGA-70-6722"	"MALE"	"47"	"T3"	"N1"	"M0"	"Lifelong Non-smoker"	"N/A"	242	"6,75"	"MLL2 p.R1388W; PIK3CA p.H495L; EGFR p.V843L, p.L861Q"	"EGFR"	""	"secretory"
"TCGA-70-6723"	"MALE"	"65"	"T3"	"N0"	"M0"	"Lifelong Non-smoker"	"N/A"	100	"2,85"	"TP53 p.G187_splice"	"SOX2, PIK3CA, CCND1, EGFR, AKT1"	""	"classical"
"TCGA-85-6175"	"FEMALE"	"63"	"T3"	"N0"	"M0"	"Lifelong Non-smoker"	"N/A"	52	"1,46"	"NF1 p.Y2285*"	""	"CDKN2A"	"secretory"
"TCGA-85-6560"	"MALE"	"59"	"T2"	"N1"	"M0"	"Current reformed smoker for < or = 15 years"	"40"	377	"10,57"	"TP53 p.C135W; SMARCA4 p.G119_splice; APC p.E918*, p.Q1922H; PIK3CA p.E547D"	"FGFR1"	""	"primitive"
"TCGA-85-6561"	"MALE"	"66"	"T2a"	"N0"	"M0"	"Current reformed smoker for > 15 years"	"35"	798	"24,26"	"TP53 p.R283P; CREBBP p.P383R; PIK3CA p.Q969K; CUL3 p.N49D; AKT3 p.D395E; NRAS p.Y40*"	""	""	"classical"
